variant,query_id,query_type,top_k,rerank,retriever,retrieval_cost,rerank_cost,generation_cost,total_cost,cost_usd,retrieval_latency_ms,rerank_latency_ms,generation_latency_ms,total_latency_ms,latency_ms,recall_at_k,mrr,ndcg_at_k,context_precision,context_recall,faithfulness,answer_term_coverage,hallucination_risk
hybrid_dense_hash_k5_rerank,q001,fact_lookup,5.0,true,hybrid_dense_hash,2.28e-06,2e-05,5.724e-05,7.952e-05,7.952e-05,203.1,90.0,310.0,603.1,603.1,0.5,0.5,0.38685280723454163,0.2,0.5,1.0,0.8,0.07000000000000006
hybrid_dense_hash_k5_rerank,q002,fact_lookup,5.0,true,hybrid_dense_hash,2.28e-06,2e-05,5.928e-05,8.156e-05,8.156e-05,203.1,90.0,310.0,603.1,603.1,1.0,1.0,1.0,0.2,1.0,1.0,0.8333333333333334,0.05833333333333335
hybrid_dense_hash_k5_rerank,q003,stale_context,5.0,true,hybrid_dense_hash,2.28e-06,2e-05,5.76e-05,7.988e-05,7.988e-05,203.1,90.0,310.0,603.1,603.1,1.0,1.0,1.0,0.4,1.0,1.0,0.8,0.07000000000000006
hybrid_dense_hash_k5_rerank,q004,fact_lookup,5.0,true,hybrid_dense_hash,2.28e-06,2e-05,5.844e-05,8.072e-05,8.072e-05,203.1,90.0,310.0,603.1,603.1,1.0,1.0,1.0,0.2,1.0,1.0,1.0,0.0
hybrid_dense_hash_k5_rerank,q005,fact_lookup,5.0,true,hybrid_dense_hash,2.28e-06,2e-05,5.712e-05,7.94e-05,7.94e-05,203.1,90.0,310.0,603.1,603.1,1.0,1.0,1.0,0.2,1.0,1.0,1.0,0.0
hybrid_dense_hash_k5_rerank,q006,compliance,5.0,true,hybrid_dense_hash,2.28e-06,2e-05,5.76e-05,7.988e-05,7.988e-05,203.1,90.0,310.0,603.1,603.1,1.0,1.0,1.0,0.2,1.0,0.984375,1.0,0.010156249999999978
hybrid_dense_hash_k5_rerank,q007,fact_lookup,5.0,true,hybrid_dense_hash,2.28e-06,2e-05,5.688e-05,7.916e-05,7.916e-05,203.1,90.0,310.0,603.1,603.1,1.0,1.0,1.0,0.2,1.0,1.0,1.0,0.0
hybrid_dense_hash_k5_rerank,q008,policy_reasoning,5.0,true,hybrid_dense_hash,2.28e-06,2e-05,5.652e-05,7.88e-05,7.88e-05,203.1,90.0,310.0,603.1,603.1,0.0,0.0,0.0,0.0,0.0,1.0,0.16666666666666666,0.29166666666666663
hybrid_dense_hash_k5_rerank,q009,cost_latency,5.0,true,hybrid_dense_hash,2.28e-06,2e-05,5.772e-05,8e-05,8e-05,203.1,90.0,310.0,603.1,603.1,1.0,1.0,1.0,0.4,1.0,1.0,1.0,0.0
hybrid_dense_hash_k5_rerank,q010,compliance,5.0,true,hybrid_dense_hash,2.28e-06,2e-05,5.712e-05,7.94e-05,7.94e-05,203.1,90.0,310.0,603.1,603.1,1.0,1.0,1.0,0.2,1.0,1.0,1.0,0.0
hybrid_dense_hash_k5_rerank,q011,fact_lookup,5.0,true,hybrid_dense_hash,2.28e-06,2e-05,5.772e-05,8e-05,8e-05,203.1,90.0,310.0,603.1,603.1,1.0,1.0,1.0,0.2,1.0,1.0,1.0,0.0
hybrid_dense_hash_k5_rerank,q012,policy_reasoning,5.0,true,hybrid_dense_hash,2.28e-06,2e-05,5.856e-05,8.084e-05,8.084e-05,203.1,90.0,310.0,603.1,603.1,1.0,1.0,1.0,0.2,1.0,1.0,1.0,0.0
hybrid_dense_hash_k5_rerank,q013,compliance,5.0,true,hybrid_dense_hash,2.28e-06,2e-05,5.532e-05,7.76e-05,7.76e-05,203.1,90.0,310.0,603.1,603.1,1.0,1.0,1.0,0.2,1.0,1.0,0.75,0.08750000000000002
hybrid_dense_hash_k5_rerank,q014,fact_lookup,5.0,true,hybrid_dense_hash,2.28e-06,2e-05,5.676e-05,7.904e-05,7.904e-05,203.1,90.0,310.0,603.1,603.1,1.0,1.0,1.0,0.2,1.0,1.0,1.0,0.0
hybrid_dense_hash_k5_rerank,q015,multi_hop,5.0,true,hybrid_dense_hash,2.28e-06,2e-05,5.784e-05,8.012e-05,8.012e-05,203.1,90.0,310.0,603.1,603.1,0.5,1.0,0.6131471927654584,0.2,0.5,1.0,0.8,0.07000000000000006
hybrid_dense_hash_k5_rerank,q016,compliance,5.0,true,hybrid_dense_hash,2.28e-06,2e-05,5.544e-05,7.772e-05,7.772e-05,203.1,90.0,310.0,603.1,603.1,1.0,1.0,1.0,0.2,1.0,1.0,1.0,0.0
hybrid_dense_hash_k5_rerank,q017,vendor_risk,5.0,true,hybrid_dense_hash,2.28e-06,2e-05,5.724e-05,7.952e-05,7.952e-05,203.1,90.0,310.0,603.1,603.1,1.0,1.0,1.0,0.2,1.0,1.0,1.0,0.0
hybrid_dense_hash_k5_rerank,q018,compliance,5.0,true,hybrid_dense_hash,2.28e-06,2e-05,5.628e-05,7.856e-05,7.856e-05,203.1,90.0,310.0,603.1,603.1,1.0,0.5,0.6309297535714575,0.2,1.0,1.0,1.0,0.0
hybrid_dense_hash_k5_rerank,q019,policy_reasoning,5.0,true,hybrid_dense_hash,2.28e-06,2e-05,5.928e-05,8.156e-05,8.156e-05,203.1,90.0,310.0,603.1,603.1,0.0,0.0,0.0,0.0,0.0,1.0,0.8,0.07000000000000006
hybrid_dense_hash_k5_rerank,q020,cost_latency,5.0,true,hybrid_dense_hash,2.28e-06,2e-05,5.772e-05,8e-05,8e-05,203.1,90.0,310.0,603.1,603.1,1.0,1.0,1.0,0.2,1.0,1.0,1.0,0.0
hybrid_dense_hash_k5_rerank,q021,cost_latency,5.0,true,hybrid_dense_hash,2.28e-06,2e-05,5.64e-05,7.868e-05,7.868e-05,203.1,90.0,310.0,603.1,603.1,1.0,1.0,1.0,0.2,1.0,1.0,1.0,0.0
hybrid_dense_hash_k5_rerank,q022,cost_latency,5.0,true,hybrid_dense_hash,2.28e-06,2e-05,5.736e-05,7.964e-05,7.964e-05,203.1,90.0,310.0,603.1,603.1,1.0,1.0,1.0,0.2,1.0,1.0,1.0,0.0
hybrid_dense_hash_k5_rerank,q023,policy_reasoning,5.0,true,hybrid_dense_hash,2.28e-06,2e-05,5.748e-05,7.976e-05,7.976e-05,203.1,90.0,310.0,603.1,603.1,1.0,1.0,1.0,0.4,1.0,1.0,1.0,0.0
hybrid_dense_hash_k5_rerank,q024,compliance,5.0,true,hybrid_dense_hash,2.28e-06,2e-05,5.472e-05,7.7e-05,7.7e-05,203.1,90.0,310.0,603.1,603.1,1.0,1.0,1.0,0.2,1.0,1.0,1.0,0.0
hybrid_dense_hash_k5_rerank,q025,fact_lookup,5.0,true,hybrid_dense_hash,2.28e-06,2e-05,5.796e-05,8.024e-05,8.024e-05,203.1,90.0,310.0,603.1,603.1,1.0,1.0,1.0,0.2,1.0,1.0,1.0,0.0
hybrid_dense_hash_k5_rerank,q026,vendor_risk,5.0,true,hybrid_dense_hash,2.28e-06,2e-05,6.096e-05,8.324e-05,8.324e-05,203.1,90.0,310.0,603.1,603.1,1.0,1.0,1.0,0.2,1.0,0.9811320754716981,1.0,0.01226415094339628
hybrid_dense_hash_k5_rerank,q027,vendor_risk,5.0,true,hybrid_dense_hash,2.28e-06,2e-05,6.036e-05,8.264e-05,8.264e-05,203.1,90.0,310.0,603.1,603.1,1.0,1.0,1.0,0.2,1.0,0.9821428571428571,1.0,0.011607142857142927
hybrid_dense_hash_k5_rerank,q028,policy_reasoning,5.0,true,hybrid_dense_hash,2.28e-06,2e-05,5.928e-05,8.156e-05,8.156e-05,203.1,90.0,310.0,603.1,603.1,1.0,0.3333333333333333,0.5,0.2,1.0,1.0,1.0,0.0
hybrid_dense_hash_k5_rerank,q029,policy_reasoning,5.0,true,hybrid_dense_hash,2.28e-06,2e-05,5.844e-05,8.072e-05,8.072e-05,203.1,90.0,310.0,603.1,603.1,1.0,1.0,1.0,0.2,1.0,1.0,1.0,0.0
hybrid_dense_hash_k5_rerank,q030,ambiguous,5.0,true,hybrid_dense_hash,2.28e-06,2e-05,5.796e-05,8.024e-05,8.024e-05,203.1,90.0,310.0,603.1,603.1,0.5,0.5,0.38685280723454163,0.2,0.5,1.0,0.4,0.20999999999999996
hybrid_dense_hash_k5_rerank,q031,cloud_operations,5.0,true,hybrid_dense_hash,2.28e-06,2e-05,5.7e-05,7.928e-05,7.928e-05,203.1,90.0,310.0,603.1,603.1,1.0,1.0,1.0,0.2,1.0,1.0,1.0,0.0
hybrid_dense_hash_k5_rerank,q032,cloud_operations,5.0,true,hybrid_dense_hash,2.28e-06,2e-05,5.82e-05,8.048e-05,8.048e-05,203.1,90.0,310.0,603.1,603.1,1.0,1.0,1.0,0.2,1.0,1.0,0.8,0.07000000000000006
hybrid_dense_hash_k5_rerank,q033,cost_latency,5.0,true,hybrid_dense_hash,2.28e-06,2e-05,5.52e-05,7.748e-05,7.748e-05,203.1,90.0,310.0,603.1,603.1,1.0,0.5,0.6309297535714575,0.2,1.0,1.0,1.0,0.0
hybrid_dense_hash_k5_rerank,q034,compliance,5.0,true,hybrid_dense_hash,2.28e-06,2e-05,5.736e-05,7.964e-05,7.964e-05,203.1,90.0,310.0,603.1,603.1,1.0,1.0,1.0,0.2,1.0,1.0,1.0,0.0
hybrid_dense_hash_k5_rerank,q035,policy_reasoning,5.0,true,hybrid_dense_hash,2.28e-06,2e-05,5.892e-05,8.12e-05,8.12e-05,203.1,90.0,310.0,603.1,603.1,1.0,1.0,1.0,0.2,1.0,0.9827586206896551,1.0,0.011206896551724133
hybrid_dense_hash_k5_rerank,q036,policy_reasoning,5.0,true,hybrid_dense_hash,2.28e-06,2e-05,5.688e-05,7.916e-05,7.916e-05,203.1,90.0,310.0,603.1,603.1,1.0,1.0,1.0,0.2,1.0,1.0,1.0,0.0
hybrid_dense_hash_k5_rerank,q037,fact_lookup,5.0,true,hybrid_dense_hash,2.28e-06,2e-05,5.736e-05,7.964e-05,7.964e-05,203.1,90.0,310.0,603.1,603.1,0.0,0.0,0.0,0.0,0.0,1.0,0.8,0.07000000000000006
hybrid_dense_hash_k5_rerank,q038,compliance,5.0,true,hybrid_dense_hash,2.28e-06,2e-05,5.676e-05,7.904e-05,7.904e-05,203.1,90.0,310.0,603.1,603.1,1.0,1.0,1.0,0.2,1.0,1.0,0.8,0.07000000000000006
hybrid_dense_hash_k5_rerank,q039,multi_hop,5.0,true,hybrid_dense_hash,2.28e-06,2e-05,5.916e-05,8.144e-05,8.144e-05,203.1,90.0,310.0,603.1,603.1,0.6666666666666666,0.3333333333333333,0.41618115554873086,0.4,0.6666666666666666,1.0,0.6,0.14
hybrid_dense_hash_k5_rerank,q040,multi_hop,5.0,true,hybrid_dense_hash,2.28e-06,2e-05,5.844e-05,8.072e-05,8.072e-05,203.1,90.0,310.0,603.1,603.1,0.6666666666666666,1.0,0.7653606369886217,0.4,0.6666666666666666,1.0,0.8,0.07000000000000006
hybrid_dense_hash_k5_rerank,q041,stale_context,5.0,true,hybrid_dense_hash,2.28e-06,2e-05,5.58e-05,7.808e-05,7.808e-05,203.1,90.0,310.0,603.1,603.1,0.5,1.0,0.6131471927654584,0.2,0.5,1.0,1.0,0.0
hybrid_dense_hash_k5_rerank,q042,ambiguous,5.0,true,hybrid_dense_hash,2.28e-06,2e-05,5.592e-05,7.82e-05,7.82e-05,203.1,90.0,310.0,603.1,603.1,0.0,0.0,0.0,0.0,0.0,1.0,0.6,0.14
hybrid_dense_hash_k5_rerank,q043,ambiguous,5.0,true,hybrid_dense_hash,2.28e-06,2e-05,5.868e-05,8.096e-05,8.096e-05,203.1,90.0,310.0,603.1,603.1,0.6666666666666666,0.5,0.5307212739772434,0.4,0.6666666666666666,1.0,0.8,0.07000000000000006
hybrid_dense_hash_k5_rerank,q044,cost_latency,5.0,true,hybrid_dense_hash,2.28e-06,2e-05,5.784e-05,8.012e-05,8.012e-05,203.1,90.0,310.0,603.1,603.1,1.0,1.0,1.0,0.2,1.0,1.0,1.0,0.0
hybrid_dense_hash_k5_rerank,q045,multi_hop,5.0,true,hybrid_dense_hash,2.28e-06,2e-05,5.736e-05,7.964e-05,7.964e-05,203.1,90.0,310.0,603.1,603.1,0.5,1.0,0.6131471927654584,0.2,0.5,1.0,0.8,0.07000000000000006
hybrid_dense_hash_k5_rerank,q046,vendor_risk,5.0,true,hybrid_dense_hash,2.28e-06,2e-05,5.904e-05,8.132e-05,8.132e-05,203.1,90.0,310.0,603.1,603.1,1.0,1.0,1.0,0.2,1.0,0.9814814814814815,1.0,0.012037037037037068
hybrid_dense_hash_k5_rerank,q047,cloud_operations,5.0,true,hybrid_dense_hash,2.28e-06,2e-05,5.844e-05,8.072e-05,8.072e-05,203.1,90.0,310.0,603.1,603.1,1.0,0.5,0.6309297535714575,0.2,1.0,1.0,1.0,0.0
hybrid_dense_hash_k5_rerank,q048,fact_lookup,5.0,true,hybrid_dense_hash,2.28e-06,2e-05,5.688e-05,7.916e-05,7.916e-05,203.1,90.0,310.0,603.1,603.1,1.0,1.0,1.0,0.2,1.0,0.9836065573770492,0.75,0.09815573770491803
hybrid_dense_hash_k5_rerank,q049,policy_reasoning,5.0,true,hybrid_dense_hash,2.28e-06,2e-05,5.64e-05,7.868e-05,7.868e-05,203.1,90.0,310.0,603.1,603.1,1.0,0.5,0.6240505200038379,0.4,1.0,1.0,0.8,0.07000000000000006
hybrid_dense_hash_k5_rerank,q050,compliance,5.0,true,hybrid_dense_hash,2.28e-06,2e-05,5.88e-05,8.108e-05,8.108e-05,203.1,90.0,310.0,603.1,603.1,1.0,1.0,1.0,0.2,1.0,1.0,0.8,0.07000000000000006
hybrid_dense_hash_k5_rerank,q051,stale_context,5.0,true,hybrid_dense_hash,2.28e-06,2e-05,5.736e-05,7.964e-05,7.964e-05,203.1,90.0,310.0,603.1,603.1,1.0,1.0,1.0,0.2,1.0,1.0,1.0,0.0
hybrid_dense_hash_k5_rerank,q052,fact_lookup,5.0,true,hybrid_dense_hash,2.28e-06,2e-05,5.748e-05,7.976e-05,7.976e-05,203.1,90.0,310.0,603.1,603.1,1.0,0.5,0.6309297535714575,0.2,1.0,1.0,1.0,0.0
hybrid_dense_hash_k5_rerank,q053,cost_latency,5.0,true,hybrid_dense_hash,2.28e-06,2e-05,5.664e-05,7.892e-05,7.892e-05,203.1,90.0,310.0,603.1,603.1,1.0,1.0,1.0,0.2,1.0,1.0,1.0,0.0
hybrid_dense_hash_k5_rerank,q054,compliance,5.0,true,hybrid_dense_hash,2.28e-06,2e-05,5.724e-05,7.952e-05,7.952e-05,203.1,90.0,310.0,603.1,603.1,1.0,1.0,1.0,0.2,1.0,1.0,1.0,0.0
hybrid_dense_hash_k5_rerank,q055,policy_reasoning,5.0,true,hybrid_dense_hash,2.28e-06,2e-05,5.184e-05,7.412e-05,7.412e-05,203.1,90.0,310.0,603.1,603.1,0.5,1.0,0.6131471927654584,0.2,0.5,1.0,0.6,0.14
hybrid_dense_hash_k5_rerank,q056,multi_hop,5.0,true,hybrid_dense_hash,2.28e-06,2e-05,5.772e-05,8e-05,8e-05,203.1,90.0,310.0,603.1,603.1,0.0,0.0,0.0,0.0,0.0,1.0,0.0,0.35
