variant,query_id,faithfulness_weight,coverage_weight,hallucination_risk
lexical_k3,q001,0.5,0.5,0.11282051282051286
lexical_k3,q002,0.5,0.5,0.08333333333333326
lexical_k3,q003,0.5,0.5,0.09999999999999998
lexical_k3,q004,0.5,0.5,0.0
lexical_k3,q005,0.5,0.5,0.011111111111111072
lexical_k3,q006,0.5,0.5,0.0
lexical_k3,q007,0.5,0.5,0.0
lexical_k3,q008,0.5,0.5,0.41666666666666663
lexical_k3,q009,0.5,0.5,0.013157894736842035
lexical_k3,q010,0.5,0.5,0.010869565217391353
lexical_k3,q011,0.5,0.5,0.0
lexical_k3,q012,0.5,0.5,0.0
lexical_k3,q013,0.5,0.5,0.13719512195121952
lexical_k3,q014,0.5,0.5,0.011904761904761862
lexical_k3,q015,0.5,0.5,0.11562499999999998
lexical_k3,q016,0.5,0.5,0.012195121951219523
lexical_k3,q017,0.5,0.5,0.012820512820512775
lexical_k3,q018,0.5,0.5,0.0
lexical_k3,q019,0.5,0.5,0.11282051282051286
lexical_k3,q020,0.5,0.5,0.011363636363636354
lexical_k3,q021,0.5,0.5,0.0
lexical_k3,q022,0.5,0.5,0.011363636363636354
lexical_k3,q023,0.5,0.5,0.010638297872340496
lexical_k3,q024,0.5,0.5,0.0
lexical_k3,q025,0.5,0.5,0.0
lexical_k3,q026,0.5,0.5,0.013157894736842035
lexical_k3,q027,0.5,0.5,0.013157894736842035
lexical_k3,q028,0.5,0.5,0.0
lexical_k3,q029,0.5,0.5,0.0
lexical_k3,q030,0.5,0.5,0.19999999999999996
lexical_k3,q031,0.5,0.5,0.015151515151515138
lexical_k3,q032,0.5,0.5,0.11190476190476195
lexical_k3,q033,0.5,0.5,0.012820512820512775
lexical_k3,q034,0.5,0.5,0.011111111111111072
lexical_k3,q035,0.5,0.5,0.013157894736842035
lexical_k3,q036,0.5,0.5,0.011111111111111072
lexical_k3,q037,0.5,0.5,0.11162790697674418
lexical_k3,q038,0.5,0.5,0.0
lexical_k3,q039,0.5,0.5,0.21219512195121948
lexical_k3,q040,0.5,0.5,0.0
lexical_k3,q041,0.5,0.5,0.0
lexical_k3,q042,0.5,0.5,0.19999999999999996
lexical_k3,q043,0.5,0.5,0.09999999999999998
lexical_k3,q044,0.5,0.5,0.013157894736842035
lexical_k3,q045,0.5,0.5,0.09999999999999998
lexical_k3,q046,0.5,0.5,0.012820512820512775
lexical_k3,q047,0.5,0.5,0.011904761904761862
lexical_k3,q048,0.5,0.5,0.125
lexical_k3,q049,0.5,0.5,0.09999999999999998
lexical_k3,q050,0.5,0.5,0.09999999999999998
lexical_k3,q051,0.5,0.5,0.0
lexical_k3,q052,0.5,0.5,0.0
lexical_k3,q053,0.5,0.5,0.0
lexical_k3,q054,0.5,0.5,0.0
lexical_k3,q055,0.5,0.5,0.09999999999999998
lexical_k3,q056,0.5,0.5,0.19999999999999996
lexical_k5,q001,0.5,0.5,0.11282051282051286
lexical_k5,q002,0.5,0.5,0.08333333333333326
lexical_k5,q003,0.5,0.5,0.09999999999999998
lexical_k5,q004,0.5,0.5,0.0
lexical_k5,q005,0.5,0.5,0.011111111111111072
lexical_k5,q006,0.5,0.5,0.0
lexical_k5,q007,0.5,0.5,0.0
lexical_k5,q008,0.5,0.5,0.41666666666666663
lexical_k5,q009,0.5,0.5,0.013157894736842035
lexical_k5,q010,0.5,0.5,0.010869565217391353
lexical_k5,q011,0.5,0.5,0.0
lexical_k5,q012,0.5,0.5,0.0
lexical_k5,q013,0.5,0.5,0.13719512195121952
lexical_k5,q014,0.5,0.5,0.011904761904761862
lexical_k5,q015,0.5,0.5,0.11562499999999998
lexical_k5,q016,0.5,0.5,0.012195121951219523
lexical_k5,q017,0.5,0.5,0.012820512820512775
lexical_k5,q018,0.5,0.5,0.0
lexical_k5,q019,0.5,0.5,0.11282051282051286
lexical_k5,q020,0.5,0.5,0.011363636363636354
lexical_k5,q021,0.5,0.5,0.0
lexical_k5,q022,0.5,0.5,0.011363636363636354
lexical_k5,q023,0.5,0.5,0.010638297872340496
lexical_k5,q024,0.5,0.5,0.0
lexical_k5,q025,0.5,0.5,0.0
lexical_k5,q026,0.5,0.5,0.013157894736842035
lexical_k5,q027,0.5,0.5,0.013157894736842035
lexical_k5,q028,0.5,0.5,0.0
lexical_k5,q029,0.5,0.5,0.0
lexical_k5,q030,0.5,0.5,0.19999999999999996
lexical_k5,q031,0.5,0.5,0.015151515151515138
lexical_k5,q032,0.5,0.5,0.11190476190476195
lexical_k5,q033,0.5,0.5,0.012820512820512775
lexical_k5,q034,0.5,0.5,0.011111111111111072
lexical_k5,q035,0.5,0.5,0.013157894736842035
lexical_k5,q036,0.5,0.5,0.011111111111111072
lexical_k5,q037,0.5,0.5,0.11162790697674418
lexical_k5,q038,0.5,0.5,0.0
lexical_k5,q039,0.5,0.5,0.21219512195121948
lexical_k5,q040,0.5,0.5,0.0
lexical_k5,q041,0.5,0.5,0.0
lexical_k5,q042,0.5,0.5,0.19999999999999996
lexical_k5,q043,0.5,0.5,0.09999999999999998
lexical_k5,q044,0.5,0.5,0.013157894736842035
lexical_k5,q045,0.5,0.5,0.09999999999999998
lexical_k5,q046,0.5,0.5,0.012820512820512775
lexical_k5,q047,0.5,0.5,0.011904761904761862
lexical_k5,q048,0.5,0.5,0.125
lexical_k5,q049,0.5,0.5,0.09999999999999998
lexical_k5,q050,0.5,0.5,0.09999999999999998
lexical_k5,q051,0.5,0.5,0.0
lexical_k5,q052,0.5,0.5,0.0
lexical_k5,q053,0.5,0.5,0.0
lexical_k5,q054,0.5,0.5,0.0
lexical_k5,q055,0.5,0.5,0.09999999999999998
lexical_k5,q056,0.5,0.5,0.19999999999999996
lexical_k5_rerank,q001,0.5,0.5,0.21063829787234045
lexical_k5_rerank,q002,0.5,0.5,0.09397163120567376
lexical_k5_rerank,q003,0.5,0.5,0.09999999999999998
lexical_k5_rerank,q004,0.5,0.5,0.013513513513513487
lexical_k5_rerank,q005,0.5,0.5,0.0
lexical_k5_rerank,q006,0.5,0.5,0.0
lexical_k5_rerank,q007,0.5,0.5,0.0
lexical_k5_rerank,q008,0.5,0.5,0.42708333333333337
lexical_k5_rerank,q009,0.5,0.5,0.013157894736842035
lexical_k5_rerank,q010,0.5,0.5,0.010869565217391353
lexical_k5_rerank,q011,0.5,0.5,0.0
lexical_k5_rerank,q012,0.5,0.5,0.0
lexical_k5_rerank,q013,0.5,0.5,0.13719512195121952
lexical_k5_rerank,q014,0.5,0.5,0.011904761904761862
lexical_k5_rerank,q015,0.5,0.5,0.11190476190476195
lexical_k5_rerank,q016,0.5,0.5,0.0
lexical_k5_rerank,q017,0.5,0.5,0.012820512820512775
lexical_k5_rerank,q018,0.5,0.5,0.0
lexical_k5_rerank,q019,0.5,0.5,0.11282051282051286
lexical_k5_rerank,q020,0.5,0.5,0.0
lexical_k5_rerank,q021,0.5,0.5,0.012195121951219523
lexical_k5_rerank,q022,0.5,0.5,0.011363636363636354
lexical_k5_rerank,q023,0.5,0.5,0.010638297872340496
lexical_k5_rerank,q024,0.5,0.5,0.0
lexical_k5_rerank,q025,0.5,0.5,0.0
lexical_k5_rerank,q026,0.5,0.5,0.013157894736842035
lexical_k5_rerank,q027,0.5,0.5,0.011904761904761862
lexical_k5_rerank,q028,0.5,0.5,0.0
lexical_k5_rerank,q029,0.5,0.5,0.012499999999999956
lexical_k5_rerank,q030,0.5,0.5,0.19999999999999996
lexical_k5_rerank,q031,0.5,0.5,0.015151515151515138
lexical_k5_rerank,q032,0.5,0.5,0.11190476190476195
lexical_k5_rerank,q033,0.5,0.5,0.012820512820512775
lexical_k5_rerank,q034,0.5,0.5,0.011111111111111072
lexical_k5_rerank,q035,0.5,0.5,0.013157894736842035
lexical_k5_rerank,q036,0.5,0.5,0.011111111111111072
lexical_k5_rerank,q037,0.5,0.5,0.11162790697674418
lexical_k5_rerank,q038,0.5,0.5,0.0
lexical_k5_rerank,q039,0.5,0.5,0.31219512195121957
lexical_k5_rerank,q040,0.5,0.5,0.11190476190476195
lexical_k5_rerank,q041,0.5,0.5,0.0
lexical_k5_rerank,q042,0.5,0.5,0.19999999999999996
lexical_k5_rerank,q043,0.5,0.5,0.09999999999999998
lexical_k5_rerank,q044,0.5,0.5,0.013157894736842035
lexical_k5_rerank,q045,0.5,0.5,0.09999999999999998
lexical_k5_rerank,q046,0.5,0.5,0.012820512820512775
lexical_k5_rerank,q047,0.5,0.5,0.011904761904761862
lexical_k5_rerank,q048,0.5,0.5,0.125
lexical_k5_rerank,q049,0.5,0.5,0.09999999999999998
lexical_k5_rerank,q050,0.5,0.5,0.09999999999999998
lexical_k5_rerank,q051,0.5,0.5,0.0
lexical_k5_rerank,q052,0.5,0.5,0.011627906976744207
lexical_k5_rerank,q053,0.5,0.5,0.0
lexical_k5_rerank,q054,0.5,0.5,0.0
lexical_k5_rerank,q055,0.5,0.5,0.09999999999999998
lexical_k5_rerank,q056,0.5,0.5,0.2108695652173913
hybrid_k5_rerank,q001,0.5,0.5,0.19999999999999996
hybrid_k5_rerank,q002,0.5,0.5,0.08333333333333326
hybrid_k5_rerank,q003,0.5,0.5,0.09999999999999998
hybrid_k5_rerank,q004,0.5,0.5,0.01041666666666674
hybrid_k5_rerank,q005,0.5,0.5,0.0
hybrid_k5_rerank,q006,0.5,0.5,0.0
hybrid_k5_rerank,q007,0.5,0.5,0.0
hybrid_k5_rerank,q008,0.5,0.5,0.41666666666666663
hybrid_k5_rerank,q009,0.5,0.5,0.0
hybrid_k5_rerank,q010,0.5,0.5,0.0
hybrid_k5_rerank,q011,0.5,0.5,0.0
hybrid_k5_rerank,q012,0.5,0.5,0.0
hybrid_k5_rerank,q013,0.5,0.5,0.125
hybrid_k5_rerank,q014,0.5,0.5,0.0
hybrid_k5_rerank,q015,0.5,0.5,0.09999999999999998
hybrid_k5_rerank,q016,0.5,0.5,0.0
hybrid_k5_rerank,q017,0.5,0.5,0.0
hybrid_k5_rerank,q018,0.5,0.5,0.0
hybrid_k5_rerank,q019,0.5,0.5,0.09999999999999998
hybrid_k5_rerank,q020,0.5,0.5,0.0
hybrid_k5_rerank,q021,0.5,0.5,0.008064516129032251
hybrid_k5_rerank,q022,0.5,0.5,0.0
hybrid_k5_rerank,q023,0.5,0.5,0.0
hybrid_k5_rerank,q024,0.5,0.5,0.0
hybrid_k5_rerank,q025,0.5,0.5,0.0
hybrid_k5_rerank,q026,0.5,0.5,0.009433962264150941
hybrid_k5_rerank,q027,0.5,0.5,0.008928571428571397
hybrid_k5_rerank,q028,0.5,0.5,0.0
hybrid_k5_rerank,q029,0.5,0.5,0.0
hybrid_k5_rerank,q030,0.5,0.5,0.30000000000000004
hybrid_k5_rerank,q031,0.5,0.5,0.0
hybrid_k5_rerank,q032,0.5,0.5,0.09999999999999998
hybrid_k5_rerank,q033,0.5,0.5,0.0
hybrid_k5_rerank,q034,0.5,0.5,0.0
hybrid_k5_rerank,q035,0.5,0.5,0.0
hybrid_k5_rerank,q036,0.5,0.5,0.0
hybrid_k5_rerank,q037,0.5,0.5,0.10806451612903223
hybrid_k5_rerank,q038,0.5,0.5,0.09999999999999998
hybrid_k5_rerank,q039,0.5,0.5,0.19999999999999996
hybrid_k5_rerank,q040,0.5,0.5,0.09999999999999998
hybrid_k5_rerank,q041,0.5,0.5,0.0
hybrid_k5_rerank,q042,0.5,0.5,0.19999999999999996
hybrid_k5_rerank,q043,0.5,0.5,0.09999999999999998
hybrid_k5_rerank,q044,0.5,0.5,0.0
hybrid_k5_rerank,q045,0.5,0.5,0.09999999999999998
hybrid_k5_rerank,q046,0.5,0.5,0.009615384615384581
hybrid_k5_rerank,q047,0.5,0.5,0.0
hybrid_k5_rerank,q048,0.5,0.5,0.125
hybrid_k5_rerank,q049,0.5,0.5,0.09999999999999998
hybrid_k5_rerank,q050,0.5,0.5,0.09999999999999998
hybrid_k5_rerank,q051,0.5,0.5,0.0
hybrid_k5_rerank,q052,0.5,0.5,0.0
hybrid_k5_rerank,q053,0.5,0.5,0.0
hybrid_k5_rerank,q054,0.5,0.5,0.0
hybrid_k5_rerank,q055,0.5,0.5,0.09999999999999998
hybrid_k5_rerank,q056,0.5,0.5,0.19999999999999996
hybrid_k8_rerank,q001,0.5,0.5,0.19999999999999996
hybrid_k8_rerank,q002,0.5,0.5,0.08333333333333326
hybrid_k8_rerank,q003,0.5,0.5,0.09999999999999998
hybrid_k8_rerank,q004,0.5,0.5,0.01041666666666674
hybrid_k8_rerank,q005,0.5,0.5,0.0
hybrid_k8_rerank,q006,0.5,0.5,0.0
hybrid_k8_rerank,q007,0.5,0.5,0.0
hybrid_k8_rerank,q008,0.5,0.5,0.41666666666666663
hybrid_k8_rerank,q009,0.5,0.5,0.0
hybrid_k8_rerank,q010,0.5,0.5,0.0
hybrid_k8_rerank,q011,0.5,0.5,0.0
hybrid_k8_rerank,q012,0.5,0.5,0.0
hybrid_k8_rerank,q013,0.5,0.5,0.125
hybrid_k8_rerank,q014,0.5,0.5,0.0
hybrid_k8_rerank,q015,0.5,0.5,0.09999999999999998
hybrid_k8_rerank,q016,0.5,0.5,0.0
hybrid_k8_rerank,q017,0.5,0.5,0.0
hybrid_k8_rerank,q018,0.5,0.5,0.0
hybrid_k8_rerank,q019,0.5,0.5,0.09999999999999998
hybrid_k8_rerank,q020,0.5,0.5,0.0
hybrid_k8_rerank,q021,0.5,0.5,0.008064516129032251
hybrid_k8_rerank,q022,0.5,0.5,0.0
hybrid_k8_rerank,q023,0.5,0.5,0.0
hybrid_k8_rerank,q024,0.5,0.5,0.0
hybrid_k8_rerank,q025,0.5,0.5,0.0
hybrid_k8_rerank,q026,0.5,0.5,0.009433962264150941
hybrid_k8_rerank,q027,0.5,0.5,0.008928571428571397
hybrid_k8_rerank,q028,0.5,0.5,0.0
hybrid_k8_rerank,q029,0.5,0.5,0.0
hybrid_k8_rerank,q030,0.5,0.5,0.30000000000000004
hybrid_k8_rerank,q031,0.5,0.5,0.0
hybrid_k8_rerank,q032,0.5,0.5,0.09999999999999998
hybrid_k8_rerank,q033,0.5,0.5,0.0
hybrid_k8_rerank,q034,0.5,0.5,0.0
hybrid_k8_rerank,q035,0.5,0.5,0.0
hybrid_k8_rerank,q036,0.5,0.5,0.0
hybrid_k8_rerank,q037,0.5,0.5,0.10806451612903223
hybrid_k8_rerank,q038,0.5,0.5,0.09999999999999998
hybrid_k8_rerank,q039,0.5,0.5,0.19999999999999996
hybrid_k8_rerank,q040,0.5,0.5,0.09999999999999998
hybrid_k8_rerank,q041,0.5,0.5,0.0
hybrid_k8_rerank,q042,0.5,0.5,0.19999999999999996
hybrid_k8_rerank,q043,0.5,0.5,0.09999999999999998
hybrid_k8_rerank,q044,0.5,0.5,0.0
hybrid_k8_rerank,q045,0.5,0.5,0.09999999999999998
hybrid_k8_rerank,q046,0.5,0.5,0.009615384615384581
hybrid_k8_rerank,q047,0.5,0.5,0.0
hybrid_k8_rerank,q048,0.5,0.5,0.125
hybrid_k8_rerank,q049,0.5,0.5,0.09999999999999998
hybrid_k8_rerank,q050,0.5,0.5,0.09999999999999998
hybrid_k8_rerank,q051,0.5,0.5,0.0
hybrid_k8_rerank,q052,0.5,0.5,0.0
hybrid_k8_rerank,q053,0.5,0.5,0.0
hybrid_k8_rerank,q054,0.5,0.5,0.0
hybrid_k8_rerank,q055,0.5,0.5,0.09999999999999998
hybrid_k8_rerank,q056,0.5,0.5,0.19999999999999996
hybrid_k10_large,q001,0.5,0.5,0.19999999999999996
hybrid_k10_large,q002,0.5,0.5,0.08333333333333326
hybrid_k10_large,q003,0.5,0.5,0.09999999999999998
hybrid_k10_large,q004,0.5,0.5,0.0
hybrid_k10_large,q005,0.5,0.5,0.0
hybrid_k10_large,q006,0.5,0.5,0.0
hybrid_k10_large,q007,0.5,0.5,0.0
hybrid_k10_large,q008,0.5,0.5,0.41666666666666663
hybrid_k10_large,q009,0.5,0.5,0.0
hybrid_k10_large,q010,0.5,0.5,0.0
hybrid_k10_large,q011,0.5,0.5,0.0
hybrid_k10_large,q012,0.5,0.5,0.0
hybrid_k10_large,q013,0.5,0.5,0.125
hybrid_k10_large,q014,0.5,0.5,0.0
hybrid_k10_large,q015,0.5,0.5,0.09999999999999998
hybrid_k10_large,q016,0.5,0.5,0.0
hybrid_k10_large,q017,0.5,0.5,0.0
hybrid_k10_large,q018,0.5,0.5,0.0
hybrid_k10_large,q019,0.5,0.5,0.09999999999999998
hybrid_k10_large,q020,0.5,0.5,0.0
hybrid_k10_large,q021,0.5,0.5,0.0
hybrid_k10_large,q022,0.5,0.5,0.0
hybrid_k10_large,q023,0.5,0.5,0.0
hybrid_k10_large,q024,0.5,0.5,0.0
hybrid_k10_large,q025,0.5,0.5,0.0
hybrid_k10_large,q026,0.5,0.5,0.0
hybrid_k10_large,q027,0.5,0.5,0.0
hybrid_k10_large,q028,0.5,0.5,0.0
hybrid_k10_large,q029,0.5,0.5,0.0
hybrid_k10_large,q030,0.5,0.5,0.30000000000000004
hybrid_k10_large,q031,0.5,0.5,0.0
hybrid_k10_large,q032,0.5,0.5,0.09999999999999998
hybrid_k10_large,q033,0.5,0.5,0.0
hybrid_k10_large,q034,0.5,0.5,0.0
hybrid_k10_large,q035,0.5,0.5,0.0
hybrid_k10_large,q036,0.5,0.5,0.0
hybrid_k10_large,q037,0.5,0.5,0.09999999999999998
hybrid_k10_large,q038,0.5,0.5,0.09999999999999998
hybrid_k10_large,q039,0.5,0.5,0.19999999999999996
hybrid_k10_large,q040,0.5,0.5,0.09999999999999998
hybrid_k10_large,q041,0.5,0.5,0.0
hybrid_k10_large,q042,0.5,0.5,0.19999999999999996
hybrid_k10_large,q043,0.5,0.5,0.09999999999999998
hybrid_k10_large,q044,0.5,0.5,0.0
hybrid_k10_large,q045,0.5,0.5,0.09999999999999998
hybrid_k10_large,q046,0.5,0.5,0.0
hybrid_k10_large,q047,0.5,0.5,0.0
hybrid_k10_large,q048,0.5,0.5,0.125
hybrid_k10_large,q049,0.5,0.5,0.09999999999999998
hybrid_k10_large,q050,0.5,0.5,0.09999999999999998
hybrid_k10_large,q051,0.5,0.5,0.0
hybrid_k10_large,q052,0.5,0.5,0.0
hybrid_k10_large,q053,0.5,0.5,0.0
hybrid_k10_large,q054,0.5,0.5,0.0
hybrid_k10_large,q055,0.5,0.5,0.09999999999999998
hybrid_k10_large,q056,0.5,0.5,0.19999999999999996
dense_hash_k5,q001,0.5,0.5,0.09999999999999998
dense_hash_k5,q002,0.5,0.5,0.08333333333333326
dense_hash_k5,q003,0.5,0.5,0.30000000000000004
dense_hash_k5,q004,0.5,0.5,0.01388888888888884
dense_hash_k5,q005,0.5,0.5,0.09999999999999998
dense_hash_k5,q006,0.5,0.5,0.0
dense_hash_k5,q007,0.5,0.5,0.11190476190476195
dense_hash_k5,q008,0.5,0.5,0.42886178861788615
dense_hash_k5,q009,0.5,0.5,0.17982456140350878
dense_hash_k5,q010,0.5,0.5,0.0
dense_hash_k5,q011,0.5,0.5,0.011111111111111072
dense_hash_k5,q012,0.5,0.5,0.012499999999999956
dense_hash_k5,q013,0.5,0.5,0.1366279069767442
dense_hash_k5,q014,0.5,0.5,0.0
dense_hash_k5,q015,0.5,0.5,0.1121951219512195
dense_hash_k5,q016,0.5,0.5,0.012195121951219523
dense_hash_k5,q017,0.5,0.5,0.010638297872340496
dense_hash_k5,q018,0.5,0.5,0.012820512820512775
dense_hash_k5,q019,0.5,0.5,0.10999999999999999
dense_hash_k5,q020,0.5,0.5,0.5
dense_hash_k5,q021,0.5,0.5,0.012195121951219523
dense_hash_k5,q022,0.5,0.5,0.0
dense_hash_k5,q023,0.5,0.5,0.09999999999999998
dense_hash_k5,q024,0.5,0.5,0.0
dense_hash_k5,q025,0.5,0.5,0.011627906976744207
dense_hash_k5,q026,0.5,0.5,0.011627906976744207
dense_hash_k5,q027,0.5,0.5,0.012820512820512775
dense_hash_k5,q028,0.5,0.5,0.4106382978723404
dense_hash_k5,q029,0.5,0.5,0.012195121951219523
dense_hash_k5,q030,0.5,0.5,0.21190476190476193
dense_hash_k5,q031,0.5,0.5,0.0
dense_hash_k5,q032,0.5,0.5,0.11162790697674418
dense_hash_k5,q033,0.5,0.5,0.0
dense_hash_k5,q034,0.5,0.5,0.5
dense_hash_k5,q035,0.5,0.5,0.0
dense_hash_k5,q036,0.5,0.5,0.11086956521739122
dense_hash_k5,q037,0.5,0.5,0.5
dense_hash_k5,q038,0.5,0.5,0.09999999999999998
dense_hash_k5,q039,0.5,0.5,0.4
dense_hash_k5,q040,0.5,0.5,0.0
dense_hash_k5,q041,0.5,0.5,0.4
dense_hash_k5,q042,0.5,0.5,0.5
dense_hash_k5,q043,0.5,0.5,0.19999999999999996
dense_hash_k5,q044,0.5,0.5,0.012499999999999956
dense_hash_k5,q045,0.5,0.5,0.09999999999999998
dense_hash_k5,q046,0.5,0.5,0.011111111111111072
dense_hash_k5,q047,0.5,0.5,0.0
dense_hash_k5,q048,0.5,0.5,0.13586956521739135
dense_hash_k5,q049,0.5,0.5,0.19999999999999996
dense_hash_k5,q050,0.5,0.5,0.11190476190476195
dense_hash_k5,q051,0.5,0.5,0.5111111111111111
dense_hash_k5,q052,0.5,0.5,0.012195121951219523
dense_hash_k5,q053,0.5,0.5,0.011363636363636354
dense_hash_k5,q054,0.5,0.5,0.0
dense_hash_k5,q055,0.5,0.5,0.09999999999999998
dense_hash_k5,q056,0.5,0.5,0.5
dense_hash_k5_rerank,q001,0.5,0.5,0.11041666666666661
dense_hash_k5_rerank,q002,0.5,0.5,0.08333333333333326
dense_hash_k5_rerank,q003,0.5,0.5,0.11111111111111116
dense_hash_k5_rerank,q004,0.5,0.5,0.013513513513513487
dense_hash_k5_rerank,q005,0.5,0.5,0.0
dense_hash_k5_rerank,q006,0.5,0.5,0.0
dense_hash_k5_rerank,q007,0.5,0.5,0.0
dense_hash_k5_rerank,q008,0.5,0.5,0.428030303030303
dense_hash_k5_rerank,q009,0.5,0.5,0.17982456140350878
dense_hash_k5_rerank,q010,0.5,0.5,0.0
dense_hash_k5_rerank,q011,0.5,0.5,0.0
dense_hash_k5_rerank,q012,0.5,0.5,0.013513513513513487
dense_hash_k5_rerank,q013,0.5,0.5,0.13636363636363635
dense_hash_k5_rerank,q014,0.5,0.5,0.0
dense_hash_k5_rerank,q015,0.5,0.5,0.11388888888888893
dense_hash_k5_rerank,q016,0.5,0.5,0.012195121951219523
dense_hash_k5_rerank,q017,0.5,0.5,0.012499999999999956
dense_hash_k5_rerank,q018,0.5,0.5,0.0
dense_hash_k5_rerank,q019,0.5,0.5,0.09999999999999998
dense_hash_k5_rerank,q020,0.5,0.5,0.0
dense_hash_k5_rerank,q021,0.5,0.5,0.0
dense_hash_k5_rerank,q022,0.5,0.5,0.010869565217391353
dense_hash_k5_rerank,q023,0.5,0.5,0.011904761904761862
dense_hash_k5_rerank,q024,0.5,0.5,0.0
dense_hash_k5_rerank,q025,0.5,0.5,0.011627906976744207
dense_hash_k5_rerank,q026,0.5,0.5,0.012820512820512775
dense_hash_k5_rerank,q027,0.5,0.5,0.011904761904761862
dense_hash_k5_rerank,q028,0.5,0.5,0.4
dense_hash_k5_rerank,q029,0.5,0.5,0.0
dense_hash_k5_rerank,q030,0.5,0.5,0.30000000000000004
dense_hash_k5_rerank,q031,0.5,0.5,0.01388888888888884
dense_hash_k5_rerank,q032,0.5,0.5,0.11250000000000004
dense_hash_k5_rerank,q033,0.5,0.5,0.0
dense_hash_k5_rerank,q034,0.5,0.5,0.0
dense_hash_k5_rerank,q035,0.5,0.5,0.013157894736842035
dense_hash_k5_rerank,q036,0.5,0.5,0.11250000000000004
dense_hash_k5_rerank,q037,0.5,0.5,0.09999999999999998
dense_hash_k5_rerank,q038,0.5,0.5,0.11190476190476195
dense_hash_k5_rerank,q039,0.5,0.5,0.21219512195121948
dense_hash_k5_rerank,q040,0.5,0.5,0.0
dense_hash_k5_rerank,q041,0.5,0.5,0.0
dense_hash_k5_rerank,q042,0.5,0.5,0.4
dense_hash_k5_rerank,q043,0.5,0.5,0.09999999999999998
dense_hash_k5_rerank,q044,0.5,0.5,0.013157894736842035
dense_hash_k5_rerank,q045,0.5,0.5,0.11190476190476195
dense_hash_k5_rerank,q046,0.5,0.5,0.012820512820512775
dense_hash_k5_rerank,q047,0.5,0.5,0.0
dense_hash_k5_rerank,q048,0.5,0.5,0.13586956521739135
dense_hash_k5_rerank,q049,0.5,0.5,0.11190476190476195
dense_hash_k5_rerank,q050,0.5,0.5,0.09999999999999998
dense_hash_k5_rerank,q051,0.5,0.5,0.011111111111111072
dense_hash_k5_rerank,q052,0.5,0.5,0.012195121951219523
dense_hash_k5_rerank,q053,0.5,0.5,0.011363636363636354
dense_hash_k5_rerank,q054,0.5,0.5,0.0
dense_hash_k5_rerank,q055,0.5,0.5,0.09999999999999998
dense_hash_k5_rerank,q056,0.5,0.5,0.5
hybrid_dense_hash_k5_rerank,q001,0.5,0.5,0.0
hybrid_dense_hash_k5_rerank,q002,0.5,0.5,0.08333333333333326
hybrid_dense_hash_k5_rerank,q003,0.5,0.5,0.09999999999999998
hybrid_dense_hash_k5_rerank,q004,0.5,0.5,0.01041666666666674
hybrid_dense_hash_k5_rerank,q005,0.5,0.5,0.0
hybrid_dense_hash_k5_rerank,q006,0.5,0.5,0.0
hybrid_dense_hash_k5_rerank,q007,0.5,0.5,0.0
hybrid_dense_hash_k5_rerank,q008,0.5,0.5,0.4243589743589743
hybrid_dense_hash_k5_rerank,q009,0.5,0.5,0.0
hybrid_dense_hash_k5_rerank,q010,0.5,0.5,0.0
hybrid_dense_hash_k5_rerank,q011,0.5,0.5,0.0
hybrid_dense_hash_k5_rerank,q012,0.5,0.5,0.0
hybrid_dense_hash_k5_rerank,q013,0.5,0.5,0.125
hybrid_dense_hash_k5_rerank,q014,0.5,0.5,0.0
hybrid_dense_hash_k5_rerank,q015,0.5,0.5,0.09999999999999998
hybrid_dense_hash_k5_rerank,q016,0.5,0.5,0.0
hybrid_dense_hash_k5_rerank,q017,0.5,0.5,0.0
hybrid_dense_hash_k5_rerank,q018,0.5,0.5,0.0
hybrid_dense_hash_k5_rerank,q019,0.5,0.5,0.09999999999999998
hybrid_dense_hash_k5_rerank,q020,0.5,0.5,0.0
hybrid_dense_hash_k5_rerank,q021,0.5,0.5,0.0
hybrid_dense_hash_k5_rerank,q022,0.5,0.5,0.0
hybrid_dense_hash_k5_rerank,q023,0.5,0.5,0.0
hybrid_dense_hash_k5_rerank,q024,0.5,0.5,0.0
hybrid_dense_hash_k5_rerank,q025,0.5,0.5,0.0
hybrid_dense_hash_k5_rerank,q026,0.5,0.5,0.009433962264150941
hybrid_dense_hash_k5_rerank,q027,0.5,0.5,0.008928571428571397
hybrid_dense_hash_k5_rerank,q028,0.5,0.5,0.0
hybrid_dense_hash_k5_rerank,q029,0.5,0.5,0.0
hybrid_dense_hash_k5_rerank,q030,0.5,0.5,0.30000000000000004
hybrid_dense_hash_k5_rerank,q031,0.5,0.5,0.0
hybrid_dense_hash_k5_rerank,q032,0.5,0.5,0.09999999999999998
hybrid_dense_hash_k5_rerank,q033,0.5,0.5,0.0
hybrid_dense_hash_k5_rerank,q034,0.5,0.5,0.0
hybrid_dense_hash_k5_rerank,q035,0.5,0.5,0.0
hybrid_dense_hash_k5_rerank,q036,0.5,0.5,0.0
hybrid_dense_hash_k5_rerank,q037,0.5,0.5,0.09999999999999998
hybrid_dense_hash_k5_rerank,q038,0.5,0.5,0.09999999999999998
hybrid_dense_hash_k5_rerank,q039,0.5,0.5,0.19999999999999996
hybrid_dense_hash_k5_rerank,q040,0.5,0.5,0.09999999999999998
hybrid_dense_hash_k5_rerank,q041,0.5,0.5,0.0
hybrid_dense_hash_k5_rerank,q042,0.5,0.5,0.19999999999999996
hybrid_dense_hash_k5_rerank,q043,0.5,0.5,0.09999999999999998
hybrid_dense_hash_k5_rerank,q044,0.5,0.5,0.0
hybrid_dense_hash_k5_rerank,q045,0.5,0.5,0.09999999999999998
hybrid_dense_hash_k5_rerank,q046,0.5,0.5,0.009615384615384581
hybrid_dense_hash_k5_rerank,q047,0.5,0.5,0.0
hybrid_dense_hash_k5_rerank,q048,0.5,0.5,0.1329365079365079
hybrid_dense_hash_k5_rerank,q049,0.5,0.5,0.09999999999999998
hybrid_dense_hash_k5_rerank,q050,0.5,0.5,0.09999999999999998
hybrid_dense_hash_k5_rerank,q051,0.5,0.5,0.0
hybrid_dense_hash_k5_rerank,q052,0.5,0.5,0.0
hybrid_dense_hash_k5_rerank,q053,0.5,0.5,0.0
hybrid_dense_hash_k5_rerank,q054,0.5,0.5,0.0
hybrid_dense_hash_k5_rerank,q055,0.5,0.5,0.09999999999999998
hybrid_dense_hash_k5_rerank,q056,0.5,0.5,0.19999999999999996
lexical_k3,q001,0.65,0.35,0.08666666666666667
lexical_k3,q002,0.65,0.35,0.05833333333333335
lexical_k3,q003,0.65,0.35,0.07000000000000006
lexical_k3,q004,0.65,0.35,0.0
lexical_k3,q005,0.65,0.35,0.014444444444444482
lexical_k3,q006,0.65,0.35,0.0
lexical_k3,q007,0.65,0.35,0.0
lexical_k3,q008,0.65,0.35,0.29166666666666663
lexical_k3,q009,0.65,0.35,0.017105263157894735
lexical_k3,q010,0.65,0.35,0.01413043478260867
lexical_k3,q011,0.65,0.35,0.0
lexical_k3,q012,0.65,0.35,0.0
lexical_k3,q013,0.65,0.35,0.1033536585365854
lexical_k3,q014,0.65,0.35,0.015476190476190532
lexical_k3,q015,0.65,0.35,0.09031250000000002
lexical_k3,q016,0.65,0.35,0.01585365853658538
lexical_k3,q017,0.65,0.35,0.01666666666666672
lexical_k3,q018,0.65,0.35,0.0
lexical_k3,q019,0.65,0.35,0.08666666666666667
lexical_k3,q020,0.65,0.35,0.01477272727272727
lexical_k3,q021,0.65,0.35,0.0
lexical_k3,q022,0.65,0.35,0.01477272727272727
lexical_k3,q023,0.65,0.35,0.013829787234042601
lexical_k3,q024,0.65,0.35,0.0
lexical_k3,q025,0.65,0.35,0.0
lexical_k3,q026,0.65,0.35,0.017105263157894735
lexical_k3,q027,0.65,0.35,0.017105263157894735
lexical_k3,q028,0.65,0.35,0.0
lexical_k3,q029,0.65,0.35,0.0
lexical_k3,q030,0.65,0.35,0.14
lexical_k3,q031,0.65,0.35,0.019696969696969657
lexical_k3,q032,0.65,0.35,0.08547619047619048
lexical_k3,q033,0.65,0.35,0.01666666666666672
lexical_k3,q034,0.65,0.35,0.014444444444444482
lexical_k3,q035,0.65,0.35,0.017105263157894735
lexical_k3,q036,0.65,0.35,0.014444444444444482
lexical_k3,q037,0.65,0.35,0.08511627906976749
lexical_k3,q038,0.65,0.35,0.0
lexical_k3,q039,0.65,0.35,0.1558536585365854
lexical_k3,q040,0.65,0.35,0.0
lexical_k3,q041,0.65,0.35,0.0
lexical_k3,q042,0.65,0.35,0.14
lexical_k3,q043,0.65,0.35,0.07000000000000006
lexical_k3,q044,0.65,0.35,0.017105263157894735
lexical_k3,q045,0.65,0.35,0.07000000000000006
lexical_k3,q046,0.65,0.35,0.01666666666666672
lexical_k3,q047,0.65,0.35,0.015476190476190532
lexical_k3,q048,0.65,0.35,0.08750000000000002
lexical_k3,q049,0.65,0.35,0.07000000000000006
lexical_k3,q050,0.65,0.35,0.07000000000000006
lexical_k3,q051,0.65,0.35,0.0
lexical_k3,q052,0.65,0.35,0.0
lexical_k3,q053,0.65,0.35,0.0
lexical_k3,q054,0.65,0.35,0.0
lexical_k3,q055,0.65,0.35,0.07000000000000006
lexical_k3,q056,0.65,0.35,0.14
lexical_k5,q001,0.65,0.35,0.08666666666666667
lexical_k5,q002,0.65,0.35,0.05833333333333335
lexical_k5,q003,0.65,0.35,0.07000000000000006
lexical_k5,q004,0.65,0.35,0.0
lexical_k5,q005,0.65,0.35,0.014444444444444482
lexical_k5,q006,0.65,0.35,0.0
lexical_k5,q007,0.65,0.35,0.0
lexical_k5,q008,0.65,0.35,0.29166666666666663
lexical_k5,q009,0.65,0.35,0.017105263157894735
lexical_k5,q010,0.65,0.35,0.01413043478260867
lexical_k5,q011,0.65,0.35,0.0
lexical_k5,q012,0.65,0.35,0.0
lexical_k5,q013,0.65,0.35,0.1033536585365854
lexical_k5,q014,0.65,0.35,0.015476190476190532
lexical_k5,q015,0.65,0.35,0.09031250000000002
lexical_k5,q016,0.65,0.35,0.01585365853658538
lexical_k5,q017,0.65,0.35,0.01666666666666672
lexical_k5,q018,0.65,0.35,0.0
lexical_k5,q019,0.65,0.35,0.08666666666666667
lexical_k5,q020,0.65,0.35,0.01477272727272727
lexical_k5,q021,0.65,0.35,0.0
lexical_k5,q022,0.65,0.35,0.01477272727272727
lexical_k5,q023,0.65,0.35,0.013829787234042601
lexical_k5,q024,0.65,0.35,0.0
lexical_k5,q025,0.65,0.35,0.0
lexical_k5,q026,0.65,0.35,0.017105263157894735
lexical_k5,q027,0.65,0.35,0.017105263157894735
lexical_k5,q028,0.65,0.35,0.0
lexical_k5,q029,0.65,0.35,0.0
lexical_k5,q030,0.65,0.35,0.14
lexical_k5,q031,0.65,0.35,0.019696969696969657
lexical_k5,q032,0.65,0.35,0.08547619047619048
lexical_k5,q033,0.65,0.35,0.01666666666666672
lexical_k5,q034,0.65,0.35,0.014444444444444482
lexical_k5,q035,0.65,0.35,0.017105263157894735
lexical_k5,q036,0.65,0.35,0.014444444444444482
lexical_k5,q037,0.65,0.35,0.08511627906976749
lexical_k5,q038,0.65,0.35,0.0
lexical_k5,q039,0.65,0.35,0.1558536585365854
lexical_k5,q040,0.65,0.35,0.0
lexical_k5,q041,0.65,0.35,0.0
lexical_k5,q042,0.65,0.35,0.14
lexical_k5,q043,0.65,0.35,0.07000000000000006
lexical_k5,q044,0.65,0.35,0.017105263157894735
lexical_k5,q045,0.65,0.35,0.07000000000000006
lexical_k5,q046,0.65,0.35,0.01666666666666672
lexical_k5,q047,0.65,0.35,0.015476190476190532
lexical_k5,q048,0.65,0.35,0.08750000000000002
lexical_k5,q049,0.65,0.35,0.07000000000000006
lexical_k5,q050,0.65,0.35,0.07000000000000006
lexical_k5,q051,0.65,0.35,0.0
lexical_k5,q052,0.65,0.35,0.0
lexical_k5,q053,0.65,0.35,0.0
lexical_k5,q054,0.65,0.35,0.0
lexical_k5,q055,0.65,0.35,0.07000000000000006
lexical_k5,q056,0.65,0.35,0.14
lexical_k5_rerank,q001,0.65,0.35,0.15382978723404261
lexical_k5_rerank,q002,0.65,0.35,0.07216312056737584
lexical_k5_rerank,q003,0.65,0.35,0.07000000000000006
lexical_k5_rerank,q004,0.65,0.35,0.0175675675675675
lexical_k5_rerank,q005,0.65,0.35,0.0
lexical_k5_rerank,q006,0.65,0.35,0.0
lexical_k5_rerank,q007,0.65,0.35,0.0
lexical_k5_rerank,q008,0.65,0.35,0.3052083333333333
lexical_k5_rerank,q009,0.65,0.35,0.017105263157894735
lexical_k5_rerank,q010,0.65,0.35,0.01413043478260867
lexical_k5_rerank,q011,0.65,0.35,0.0
lexical_k5_rerank,q012,0.65,0.35,0.0
lexical_k5_rerank,q013,0.65,0.35,0.1033536585365854
lexical_k5_rerank,q014,0.65,0.35,0.015476190476190532
lexical_k5_rerank,q015,0.65,0.35,0.08547619047619048
lexical_k5_rerank,q016,0.65,0.35,0.0
lexical_k5_rerank,q017,0.65,0.35,0.01666666666666672
lexical_k5_rerank,q018,0.65,0.35,0.0
lexical_k5_rerank,q019,0.65,0.35,0.08666666666666667
lexical_k5_rerank,q020,0.65,0.35,0.0
lexical_k5_rerank,q021,0.65,0.35,0.01585365853658538
lexical_k5_rerank,q022,0.65,0.35,0.01477272727272727
lexical_k5_rerank,q023,0.65,0.35,0.013829787234042601
lexical_k5_rerank,q024,0.65,0.35,0.0
lexical_k5_rerank,q025,0.65,0.35,0.0
lexical_k5_rerank,q026,0.65,0.35,0.017105263157894735
lexical_k5_rerank,q027,0.65,0.35,0.015476190476190532
lexical_k5_rerank,q028,0.65,0.35,0.0
lexical_k5_rerank,q029,0.65,0.35,0.016249999999999987
lexical_k5_rerank,q030,0.65,0.35,0.14
lexical_k5_rerank,q031,0.65,0.35,0.019696969696969657
lexical_k5_rerank,q032,0.65,0.35,0.08547619047619048
lexical_k5_rerank,q033,0.65,0.35,0.01666666666666672
lexical_k5_rerank,q034,0.65,0.35,0.014444444444444482
lexical_k5_rerank,q035,0.65,0.35,0.017105263157894735
lexical_k5_rerank,q036,0.65,0.35,0.014444444444444482
lexical_k5_rerank,q037,0.65,0.35,0.08511627906976749
lexical_k5_rerank,q038,0.65,0.35,0.0
lexical_k5_rerank,q039,0.65,0.35,0.22585365853658534
lexical_k5_rerank,q040,0.65,0.35,0.08547619047619048
lexical_k5_rerank,q041,0.65,0.35,0.0
lexical_k5_rerank,q042,0.65,0.35,0.14
lexical_k5_rerank,q043,0.65,0.35,0.07000000000000006
lexical_k5_rerank,q044,0.65,0.35,0.017105263157894735
lexical_k5_rerank,q045,0.65,0.35,0.07000000000000006
lexical_k5_rerank,q046,0.65,0.35,0.01666666666666672
lexical_k5_rerank,q047,0.65,0.35,0.015476190476190532
lexical_k5_rerank,q048,0.65,0.35,0.08750000000000002
lexical_k5_rerank,q049,0.65,0.35,0.07000000000000006
lexical_k5_rerank,q050,0.65,0.35,0.07000000000000006
lexical_k5_rerank,q051,0.65,0.35,0.0
lexical_k5_rerank,q052,0.65,0.35,0.015116279069767424
lexical_k5_rerank,q053,0.65,0.35,0.0
lexical_k5_rerank,q054,0.65,0.35,0.0
lexical_k5_rerank,q055,0.65,0.35,0.07000000000000006
lexical_k5_rerank,q056,0.65,0.35,0.15413043478260868
hybrid_k5_rerank,q001,0.65,0.35,0.14
hybrid_k5_rerank,q002,0.65,0.35,0.05833333333333335
hybrid_k5_rerank,q003,0.65,0.35,0.07000000000000006
hybrid_k5_rerank,q004,0.65,0.35,0.013541666666666674
hybrid_k5_rerank,q005,0.65,0.35,0.0
hybrid_k5_rerank,q006,0.65,0.35,0.0
hybrid_k5_rerank,q007,0.65,0.35,0.0
hybrid_k5_rerank,q008,0.65,0.35,0.29166666666666663
hybrid_k5_rerank,q009,0.65,0.35,0.0
hybrid_k5_rerank,q010,0.65,0.35,0.0
hybrid_k5_rerank,q011,0.65,0.35,0.0
hybrid_k5_rerank,q012,0.65,0.35,0.0
hybrid_k5_rerank,q013,0.65,0.35,0.08750000000000002
hybrid_k5_rerank,q014,0.65,0.35,0.0
hybrid_k5_rerank,q015,0.65,0.35,0.07000000000000006
hybrid_k5_rerank,q016,0.65,0.35,0.0
hybrid_k5_rerank,q017,0.65,0.35,0.0
hybrid_k5_rerank,q018,0.65,0.35,0.0
hybrid_k5_rerank,q019,0.65,0.35,0.07000000000000006
hybrid_k5_rerank,q020,0.65,0.35,0.0
hybrid_k5_rerank,q021,0.65,0.35,0.010483870967741948
hybrid_k5_rerank,q022,0.65,0.35,0.0
hybrid_k5_rerank,q023,0.65,0.35,0.0
hybrid_k5_rerank,q024,0.65,0.35,0.0
hybrid_k5_rerank,q025,0.65,0.35,0.0
hybrid_k5_rerank,q026,0.65,0.35,0.01226415094339628
hybrid_k5_rerank,q027,0.65,0.35,0.011607142857142927
hybrid_k5_rerank,q028,0.65,0.35,0.0
hybrid_k5_rerank,q029,0.65,0.35,0.0
hybrid_k5_rerank,q030,0.65,0.35,0.20999999999999996
hybrid_k5_rerank,q031,0.65,0.35,0.0
hybrid_k5_rerank,q032,0.65,0.35,0.07000000000000006
hybrid_k5_rerank,q033,0.65,0.35,0.0
hybrid_k5_rerank,q034,0.65,0.35,0.0
hybrid_k5_rerank,q035,0.65,0.35,0.0
hybrid_k5_rerank,q036,0.65,0.35,0.0
hybrid_k5_rerank,q037,0.65,0.35,0.08048387096774201
hybrid_k5_rerank,q038,0.65,0.35,0.07000000000000006
hybrid_k5_rerank,q039,0.65,0.35,0.14
hybrid_k5_rerank,q040,0.65,0.35,0.07000000000000006
hybrid_k5_rerank,q041,0.65,0.35,0.0
hybrid_k5_rerank,q042,0.65,0.35,0.14
hybrid_k5_rerank,q043,0.65,0.35,0.07000000000000006
hybrid_k5_rerank,q044,0.65,0.35,0.0
hybrid_k5_rerank,q045,0.65,0.35,0.07000000000000006
hybrid_k5_rerank,q046,0.65,0.35,0.012500000000000067
hybrid_k5_rerank,q047,0.65,0.35,0.0
hybrid_k5_rerank,q048,0.65,0.35,0.08750000000000002
hybrid_k5_rerank,q049,0.65,0.35,0.07000000000000006
hybrid_k5_rerank,q050,0.65,0.35,0.07000000000000006
hybrid_k5_rerank,q051,0.65,0.35,0.0
hybrid_k5_rerank,q052,0.65,0.35,0.0
hybrid_k5_rerank,q053,0.65,0.35,0.0
hybrid_k5_rerank,q054,0.65,0.35,0.0
hybrid_k5_rerank,q055,0.65,0.35,0.07000000000000006
hybrid_k5_rerank,q056,0.65,0.35,0.14
hybrid_k8_rerank,q001,0.65,0.35,0.14
hybrid_k8_rerank,q002,0.65,0.35,0.05833333333333335
hybrid_k8_rerank,q003,0.65,0.35,0.07000000000000006
hybrid_k8_rerank,q004,0.65,0.35,0.013541666666666674
hybrid_k8_rerank,q005,0.65,0.35,0.0
hybrid_k8_rerank,q006,0.65,0.35,0.0
hybrid_k8_rerank,q007,0.65,0.35,0.0
hybrid_k8_rerank,q008,0.65,0.35,0.29166666666666663
hybrid_k8_rerank,q009,0.65,0.35,0.0
hybrid_k8_rerank,q010,0.65,0.35,0.0
hybrid_k8_rerank,q011,0.65,0.35,0.0
hybrid_k8_rerank,q012,0.65,0.35,0.0
hybrid_k8_rerank,q013,0.65,0.35,0.08750000000000002
hybrid_k8_rerank,q014,0.65,0.35,0.0
hybrid_k8_rerank,q015,0.65,0.35,0.07000000000000006
hybrid_k8_rerank,q016,0.65,0.35,0.0
hybrid_k8_rerank,q017,0.65,0.35,0.0
hybrid_k8_rerank,q018,0.65,0.35,0.0
hybrid_k8_rerank,q019,0.65,0.35,0.07000000000000006
hybrid_k8_rerank,q020,0.65,0.35,0.0
hybrid_k8_rerank,q021,0.65,0.35,0.010483870967741948
hybrid_k8_rerank,q022,0.65,0.35,0.0
hybrid_k8_rerank,q023,0.65,0.35,0.0
hybrid_k8_rerank,q024,0.65,0.35,0.0
hybrid_k8_rerank,q025,0.65,0.35,0.0
hybrid_k8_rerank,q026,0.65,0.35,0.01226415094339628
hybrid_k8_rerank,q027,0.65,0.35,0.011607142857142927
hybrid_k8_rerank,q028,0.65,0.35,0.0
hybrid_k8_rerank,q029,0.65,0.35,0.0
hybrid_k8_rerank,q030,0.65,0.35,0.20999999999999996
hybrid_k8_rerank,q031,0.65,0.35,0.0
hybrid_k8_rerank,q032,0.65,0.35,0.07000000000000006
hybrid_k8_rerank,q033,0.65,0.35,0.0
hybrid_k8_rerank,q034,0.65,0.35,0.0
hybrid_k8_rerank,q035,0.65,0.35,0.0
hybrid_k8_rerank,q036,0.65,0.35,0.0
hybrid_k8_rerank,q037,0.65,0.35,0.08048387096774201
hybrid_k8_rerank,q038,0.65,0.35,0.07000000000000006
hybrid_k8_rerank,q039,0.65,0.35,0.14
hybrid_k8_rerank,q040,0.65,0.35,0.07000000000000006
hybrid_k8_rerank,q041,0.65,0.35,0.0
hybrid_k8_rerank,q042,0.65,0.35,0.14
hybrid_k8_rerank,q043,0.65,0.35,0.07000000000000006
hybrid_k8_rerank,q044,0.65,0.35,0.0
hybrid_k8_rerank,q045,0.65,0.35,0.07000000000000006
hybrid_k8_rerank,q046,0.65,0.35,0.012500000000000067
hybrid_k8_rerank,q047,0.65,0.35,0.0
hybrid_k8_rerank,q048,0.65,0.35,0.08750000000000002
hybrid_k8_rerank,q049,0.65,0.35,0.07000000000000006
hybrid_k8_rerank,q050,0.65,0.35,0.07000000000000006
hybrid_k8_rerank,q051,0.65,0.35,0.0
hybrid_k8_rerank,q052,0.65,0.35,0.0
hybrid_k8_rerank,q053,0.65,0.35,0.0
hybrid_k8_rerank,q054,0.65,0.35,0.0
hybrid_k8_rerank,q055,0.65,0.35,0.07000000000000006
hybrid_k8_rerank,q056,0.65,0.35,0.14
hybrid_k10_large,q001,0.65,0.35,0.14
hybrid_k10_large,q002,0.65,0.35,0.05833333333333335
hybrid_k10_large,q003,0.65,0.35,0.07000000000000006
hybrid_k10_large,q004,0.65,0.35,0.0
hybrid_k10_large,q005,0.65,0.35,0.0
hybrid_k10_large,q006,0.65,0.35,0.0
hybrid_k10_large,q007,0.65,0.35,0.0
hybrid_k10_large,q008,0.65,0.35,0.29166666666666663
hybrid_k10_large,q009,0.65,0.35,0.0
hybrid_k10_large,q010,0.65,0.35,0.0
hybrid_k10_large,q011,0.65,0.35,0.0
hybrid_k10_large,q012,0.65,0.35,0.0
hybrid_k10_large,q013,0.65,0.35,0.08750000000000002
hybrid_k10_large,q014,0.65,0.35,0.0
hybrid_k10_large,q015,0.65,0.35,0.07000000000000006
hybrid_k10_large,q016,0.65,0.35,0.0
hybrid_k10_large,q017,0.65,0.35,0.0
hybrid_k10_large,q018,0.65,0.35,0.0
hybrid_k10_large,q019,0.65,0.35,0.07000000000000006
hybrid_k10_large,q020,0.65,0.35,0.0
hybrid_k10_large,q021,0.65,0.35,0.0
hybrid_k10_large,q022,0.65,0.35,0.0
hybrid_k10_large,q023,0.65,0.35,0.0
hybrid_k10_large,q024,0.65,0.35,0.0
hybrid_k10_large,q025,0.65,0.35,0.0
hybrid_k10_large,q026,0.65,0.35,0.0
hybrid_k10_large,q027,0.65,0.35,0.0
hybrid_k10_large,q028,0.65,0.35,0.0
hybrid_k10_large,q029,0.65,0.35,0.0
hybrid_k10_large,q030,0.65,0.35,0.20999999999999996
hybrid_k10_large,q031,0.65,0.35,0.0
hybrid_k10_large,q032,0.65,0.35,0.07000000000000006
hybrid_k10_large,q033,0.65,0.35,0.0
hybrid_k10_large,q034,0.65,0.35,0.0
hybrid_k10_large,q035,0.65,0.35,0.0
hybrid_k10_large,q036,0.65,0.35,0.0
hybrid_k10_large,q037,0.65,0.35,0.07000000000000006
hybrid_k10_large,q038,0.65,0.35,0.07000000000000006
hybrid_k10_large,q039,0.65,0.35,0.14
hybrid_k10_large,q040,0.65,0.35,0.07000000000000006
hybrid_k10_large,q041,0.65,0.35,0.0
hybrid_k10_large,q042,0.65,0.35,0.14
hybrid_k10_large,q043,0.65,0.35,0.07000000000000006
hybrid_k10_large,q044,0.65,0.35,0.0
hybrid_k10_large,q045,0.65,0.35,0.07000000000000006
hybrid_k10_large,q046,0.65,0.35,0.0
hybrid_k10_large,q047,0.65,0.35,0.0
hybrid_k10_large,q048,0.65,0.35,0.08750000000000002
hybrid_k10_large,q049,0.65,0.35,0.07000000000000006
hybrid_k10_large,q050,0.65,0.35,0.07000000000000006
hybrid_k10_large,q051,0.65,0.35,0.0
hybrid_k10_large,q052,0.65,0.35,0.0
hybrid_k10_large,q053,0.65,0.35,0.0
hybrid_k10_large,q054,0.65,0.35,0.0
hybrid_k10_large,q055,0.65,0.35,0.07000000000000006
hybrid_k10_large,q056,0.65,0.35,0.14
dense_hash_k5,q001,0.65,0.35,0.07000000000000006
dense_hash_k5,q002,0.65,0.35,0.05833333333333335
dense_hash_k5,q003,0.65,0.35,0.20999999999999996
dense_hash_k5,q004,0.65,0.35,0.018055555555555602
dense_hash_k5,q005,0.65,0.35,0.07000000000000006
dense_hash_k5,q006,0.65,0.35,0.0
dense_hash_k5,q007,0.65,0.35,0.08547619047619048
dense_hash_k5,q008,0.65,0.35,0.307520325203252
dense_hash_k5,q009,0.65,0.35,0.13377192982456143
dense_hash_k5,q010,0.65,0.35,0.0
dense_hash_k5,q011,0.65,0.35,0.014444444444444482
dense_hash_k5,q012,0.65,0.35,0.016249999999999987
dense_hash_k5,q013,0.65,0.35,0.10261627906976745
dense_hash_k5,q014,0.65,0.35,0.0
dense_hash_k5,q015,0.65,0.35,0.08585365853658544
dense_hash_k5,q016,0.65,0.35,0.01585365853658538
dense_hash_k5,q017,0.65,0.35,0.013829787234042601
dense_hash_k5,q018,0.65,0.35,0.01666666666666672
dense_hash_k5,q019,0.65,0.35,0.08299999999999996
dense_hash_k5,q020,0.65,0.35,0.35
dense_hash_k5,q021,0.65,0.35,0.01585365853658538
dense_hash_k5,q022,0.65,0.35,0.0
dense_hash_k5,q023,0.65,0.35,0.07000000000000006
dense_hash_k5,q024,0.65,0.35,0.0
dense_hash_k5,q025,0.65,0.35,0.015116279069767424
dense_hash_k5,q026,0.65,0.35,0.015116279069767424
dense_hash_k5,q027,0.65,0.35,0.01666666666666672
dense_hash_k5,q028,0.65,0.35,0.2938297872340426
dense_hash_k5,q029,0.65,0.35,0.01585365853658538
dense_hash_k5,q030,0.65,0.35,0.15547619047619055
dense_hash_k5,q031,0.65,0.35,0.0
dense_hash_k5,q032,0.65,0.35,0.08511627906976749
dense_hash_k5,q033,0.65,0.35,0.0
dense_hash_k5,q034,0.65,0.35,0.35
dense_hash_k5,q035,0.65,0.35,0.0
dense_hash_k5,q036,0.65,0.35,0.08413043478260862
dense_hash_k5,q037,0.65,0.35,0.35
dense_hash_k5,q038,0.65,0.35,0.07000000000000006
dense_hash_k5,q039,0.65,0.35,0.28
dense_hash_k5,q040,0.65,0.35,0.0
dense_hash_k5,q041,0.65,0.35,0.28
dense_hash_k5,q042,0.65,0.35,0.35
dense_hash_k5,q043,0.65,0.35,0.14
dense_hash_k5,q044,0.65,0.35,0.016249999999999987
dense_hash_k5,q045,0.65,0.35,0.07000000000000006
dense_hash_k5,q046,0.65,0.35,0.014444444444444482
dense_hash_k5,q047,0.65,0.35,0.0
dense_hash_k5,q048,0.65,0.35,0.10163043478260869
dense_hash_k5,q049,0.65,0.35,0.14
dense_hash_k5,q050,0.65,0.35,0.08547619047619048
dense_hash_k5,q051,0.65,0.35,0.36444444444444446
dense_hash_k5,q052,0.65,0.35,0.01585365853658538
dense_hash_k5,q053,0.65,0.35,0.01477272727272727
dense_hash_k5,q054,0.65,0.35,0.0
dense_hash_k5,q055,0.65,0.35,0.07000000000000006
dense_hash_k5,q056,0.65,0.35,0.35
dense_hash_k5_rerank,q001,0.65,0.35,0.08354166666666663
dense_hash_k5_rerank,q002,0.65,0.35,0.05833333333333335
dense_hash_k5_rerank,q003,0.65,0.35,0.08444444444444454
dense_hash_k5_rerank,q004,0.65,0.35,0.0175675675675675
dense_hash_k5_rerank,q005,0.65,0.35,0.0
dense_hash_k5_rerank,q006,0.65,0.35,0.0
dense_hash_k5_rerank,q007,0.65,0.35,0.0
dense_hash_k5_rerank,q008,0.65,0.35,0.3064393939393939
dense_hash_k5_rerank,q009,0.65,0.35,0.13377192982456143
dense_hash_k5_rerank,q010,0.65,0.35,0.0
dense_hash_k5_rerank,q011,0.65,0.35,0.0
dense_hash_k5_rerank,q012,0.65,0.35,0.0175675675675675
dense_hash_k5_rerank,q013,0.65,0.35,0.10227272727272729
dense_hash_k5_rerank,q014,0.65,0.35,0.0
dense_hash_k5_rerank,q015,0.65,0.35,0.08805555555555555
dense_hash_k5_rerank,q016,0.65,0.35,0.01585365853658538
dense_hash_k5_rerank,q017,0.65,0.35,0.016249999999999987
dense_hash_k5_rerank,q018,0.65,0.35,0.0
dense_hash_k5_rerank,q019,0.65,0.35,0.07000000000000006
dense_hash_k5_rerank,q020,0.65,0.35,0.0
dense_hash_k5_rerank,q021,0.65,0.35,0.0
dense_hash_k5_rerank,q022,0.65,0.35,0.01413043478260867
dense_hash_k5_rerank,q023,0.65,0.35,0.015476190476190532
dense_hash_k5_rerank,q024,0.65,0.35,0.0
dense_hash_k5_rerank,q025,0.65,0.35,0.015116279069767424
dense_hash_k5_rerank,q026,0.65,0.35,0.01666666666666672
dense_hash_k5_rerank,q027,0.65,0.35,0.015476190476190532
dense_hash_k5_rerank,q028,0.65,0.35,0.28
dense_hash_k5_rerank,q029,0.65,0.35,0.0
dense_hash_k5_rerank,q030,0.65,0.35,0.20999999999999996
dense_hash_k5_rerank,q031,0.65,0.35,0.018055555555555602
dense_hash_k5_rerank,q032,0.65,0.35,0.08624999999999994
dense_hash_k5_rerank,q033,0.65,0.35,0.0
dense_hash_k5_rerank,q034,0.65,0.35,0.0
dense_hash_k5_rerank,q035,0.65,0.35,0.017105263157894735
dense_hash_k5_rerank,q036,0.65,0.35,0.08624999999999994
dense_hash_k5_rerank,q037,0.65,0.35,0.07000000000000006
dense_hash_k5_rerank,q038,0.65,0.35,0.08547619047619048
dense_hash_k5_rerank,q039,0.65,0.35,0.1558536585365854
dense_hash_k5_rerank,q040,0.65,0.35,0.0
dense_hash_k5_rerank,q041,0.65,0.35,0.0
dense_hash_k5_rerank,q042,0.65,0.35,0.28
dense_hash_k5_rerank,q043,0.65,0.35,0.07000000000000006
dense_hash_k5_rerank,q044,0.65,0.35,0.017105263157894735
dense_hash_k5_rerank,q045,0.65,0.35,0.08547619047619048
dense_hash_k5_rerank,q046,0.65,0.35,0.01666666666666672
dense_hash_k5_rerank,q047,0.65,0.35,0.0
dense_hash_k5_rerank,q048,0.65,0.35,0.10163043478260869
dense_hash_k5_rerank,q049,0.65,0.35,0.08547619047619048
dense_hash_k5_rerank,q050,0.65,0.35,0.07000000000000006
dense_hash_k5_rerank,q051,0.65,0.35,0.014444444444444482
dense_hash_k5_rerank,q052,0.65,0.35,0.01585365853658538
dense_hash_k5_rerank,q053,0.65,0.35,0.01477272727272727
dense_hash_k5_rerank,q054,0.65,0.35,0.0
dense_hash_k5_rerank,q055,0.65,0.35,0.07000000000000006
dense_hash_k5_rerank,q056,0.65,0.35,0.35
hybrid_dense_hash_k5_rerank,q001,0.65,0.35,0.0
hybrid_dense_hash_k5_rerank,q002,0.65,0.35,0.05833333333333335
hybrid_dense_hash_k5_rerank,q003,0.65,0.35,0.07000000000000006
hybrid_dense_hash_k5_rerank,q004,0.65,0.35,0.013541666666666674
hybrid_dense_hash_k5_rerank,q005,0.65,0.35,0.0
hybrid_dense_hash_k5_rerank,q006,0.65,0.35,0.0
hybrid_dense_hash_k5_rerank,q007,0.65,0.35,0.0
hybrid_dense_hash_k5_rerank,q008,0.65,0.35,0.30166666666666664
hybrid_dense_hash_k5_rerank,q009,0.65,0.35,0.0
hybrid_dense_hash_k5_rerank,q010,0.65,0.35,0.0
hybrid_dense_hash_k5_rerank,q011,0.65,0.35,0.0
hybrid_dense_hash_k5_rerank,q012,0.65,0.35,0.0
hybrid_dense_hash_k5_rerank,q013,0.65,0.35,0.08750000000000002
hybrid_dense_hash_k5_rerank,q014,0.65,0.35,0.0
hybrid_dense_hash_k5_rerank,q015,0.65,0.35,0.07000000000000006
hybrid_dense_hash_k5_rerank,q016,0.65,0.35,0.0
hybrid_dense_hash_k5_rerank,q017,0.65,0.35,0.0
hybrid_dense_hash_k5_rerank,q018,0.65,0.35,0.0
hybrid_dense_hash_k5_rerank,q019,0.65,0.35,0.07000000000000006
hybrid_dense_hash_k5_rerank,q020,0.65,0.35,0.0
hybrid_dense_hash_k5_rerank,q021,0.65,0.35,0.0
hybrid_dense_hash_k5_rerank,q022,0.65,0.35,0.0
hybrid_dense_hash_k5_rerank,q023,0.65,0.35,0.0
hybrid_dense_hash_k5_rerank,q024,0.65,0.35,0.0
hybrid_dense_hash_k5_rerank,q025,0.65,0.35,0.0
hybrid_dense_hash_k5_rerank,q026,0.65,0.35,0.01226415094339628
hybrid_dense_hash_k5_rerank,q027,0.65,0.35,0.011607142857142927
hybrid_dense_hash_k5_rerank,q028,0.65,0.35,0.0
hybrid_dense_hash_k5_rerank,q029,0.65,0.35,0.0
hybrid_dense_hash_k5_rerank,q030,0.65,0.35,0.20999999999999996
hybrid_dense_hash_k5_rerank,q031,0.65,0.35,0.0
hybrid_dense_hash_k5_rerank,q032,0.65,0.35,0.07000000000000006
hybrid_dense_hash_k5_rerank,q033,0.65,0.35,0.0
hybrid_dense_hash_k5_rerank,q034,0.65,0.35,0.0
hybrid_dense_hash_k5_rerank,q035,0.65,0.35,0.0
hybrid_dense_hash_k5_rerank,q036,0.65,0.35,0.0
hybrid_dense_hash_k5_rerank,q037,0.65,0.35,0.07000000000000006
hybrid_dense_hash_k5_rerank,q038,0.65,0.35,0.07000000000000006
hybrid_dense_hash_k5_rerank,q039,0.65,0.35,0.14
hybrid_dense_hash_k5_rerank,q040,0.65,0.35,0.07000000000000006
hybrid_dense_hash_k5_rerank,q041,0.65,0.35,0.0
hybrid_dense_hash_k5_rerank,q042,0.65,0.35,0.14
hybrid_dense_hash_k5_rerank,q043,0.65,0.35,0.07000000000000006
hybrid_dense_hash_k5_rerank,q044,0.65,0.35,0.0
hybrid_dense_hash_k5_rerank,q045,0.65,0.35,0.07000000000000006
hybrid_dense_hash_k5_rerank,q046,0.65,0.35,0.012500000000000067
hybrid_dense_hash_k5_rerank,q047,0.65,0.35,0.0
hybrid_dense_hash_k5_rerank,q048,0.65,0.35,0.09781746031746041
hybrid_dense_hash_k5_rerank,q049,0.65,0.35,0.07000000000000006
hybrid_dense_hash_k5_rerank,q050,0.65,0.35,0.07000000000000006
hybrid_dense_hash_k5_rerank,q051,0.65,0.35,0.0
hybrid_dense_hash_k5_rerank,q052,0.65,0.35,0.0
hybrid_dense_hash_k5_rerank,q053,0.65,0.35,0.0
hybrid_dense_hash_k5_rerank,q054,0.65,0.35,0.0
hybrid_dense_hash_k5_rerank,q055,0.65,0.35,0.07000000000000006
hybrid_dense_hash_k5_rerank,q056,0.65,0.35,0.14
lexical_k3,q001,0.8,0.2,0.060512820512820475
lexical_k3,q002,0.8,0.2,0.033333333333333215
lexical_k3,q003,0.8,0.2,0.039999999999999925
lexical_k3,q004,0.8,0.2,0.0
lexical_k3,q005,0.8,0.2,0.01777777777777767
lexical_k3,q006,0.8,0.2,0.0
lexical_k3,q007,0.8,0.2,0.0
lexical_k3,q008,0.8,0.2,0.16666666666666663
lexical_k3,q009,0.8,0.2,0.021052631578947212
lexical_k3,q010,0.8,0.2,0.017391304347825987
lexical_k3,q011,0.8,0.2,0.0
lexical_k3,q012,0.8,0.2,0.0
lexical_k3,q013,0.8,0.2,0.06951219512195117
lexical_k3,q014,0.8,0.2,0.01904761904761898
lexical_k3,q015,0.8,0.2,0.06499999999999995
lexical_k3,q016,0.8,0.2,0.019512195121951237
lexical_k3,q017,0.8,0.2,0.02051282051282044
lexical_k3,q018,0.8,0.2,0.0
lexical_k3,q019,0.8,0.2,0.060512820512820475
lexical_k3,q020,0.8,0.2,0.018181818181818077
lexical_k3,q021,0.8,0.2,0.0
lexical_k3,q022,0.8,0.2,0.018181818181818077
lexical_k3,q023,0.8,0.2,0.017021276595744705
lexical_k3,q024,0.8,0.2,0.0
lexical_k3,q025,0.8,0.2,0.0
lexical_k3,q026,0.8,0.2,0.021052631578947212
lexical_k3,q027,0.8,0.2,0.021052631578947212
lexical_k3,q028,0.8,0.2,0.0
lexical_k3,q029,0.8,0.2,0.0
lexical_k3,q030,0.8,0.2,0.07999999999999996
lexical_k3,q031,0.8,0.2,0.024242424242424176
lexical_k3,q032,0.8,0.2,0.059047619047619015
lexical_k3,q033,0.8,0.2,0.02051282051282044
lexical_k3,q034,0.8,0.2,0.01777777777777767
lexical_k3,q035,0.8,0.2,0.021052631578947212
lexical_k3,q036,0.8,0.2,0.01777777777777767
lexical_k3,q037,0.8,0.2,0.05860465116279068
lexical_k3,q038,0.8,0.2,0.0
lexical_k3,q039,0.8,0.2,0.0995121951219512
lexical_k3,q040,0.8,0.2,0.0
lexical_k3,q041,0.8,0.2,0.0
lexical_k3,q042,0.8,0.2,0.07999999999999996
lexical_k3,q043,0.8,0.2,0.039999999999999925
lexical_k3,q044,0.8,0.2,0.021052631578947212
lexical_k3,q045,0.8,0.2,0.039999999999999925
lexical_k3,q046,0.8,0.2,0.02051282051282044
lexical_k3,q047,0.8,0.2,0.01904761904761898
lexical_k3,q048,0.8,0.2,0.04999999999999993
lexical_k3,q049,0.8,0.2,0.039999999999999925
lexical_k3,q050,0.8,0.2,0.039999999999999925
lexical_k3,q051,0.8,0.2,0.0
lexical_k3,q052,0.8,0.2,0.0
lexical_k3,q053,0.8,0.2,0.0
lexical_k3,q054,0.8,0.2,0.0
lexical_k3,q055,0.8,0.2,0.039999999999999925
lexical_k3,q056,0.8,0.2,0.07999999999999996
lexical_k5,q001,0.8,0.2,0.060512820512820475
lexical_k5,q002,0.8,0.2,0.033333333333333215
lexical_k5,q003,0.8,0.2,0.039999999999999925
lexical_k5,q004,0.8,0.2,0.0
lexical_k5,q005,0.8,0.2,0.01777777777777767
lexical_k5,q006,0.8,0.2,0.0
lexical_k5,q007,0.8,0.2,0.0
lexical_k5,q008,0.8,0.2,0.16666666666666663
lexical_k5,q009,0.8,0.2,0.021052631578947212
lexical_k5,q010,0.8,0.2,0.017391304347825987
lexical_k5,q011,0.8,0.2,0.0
lexical_k5,q012,0.8,0.2,0.0
lexical_k5,q013,0.8,0.2,0.06951219512195117
lexical_k5,q014,0.8,0.2,0.01904761904761898
lexical_k5,q015,0.8,0.2,0.06499999999999995
lexical_k5,q016,0.8,0.2,0.019512195121951237
lexical_k5,q017,0.8,0.2,0.02051282051282044
lexical_k5,q018,0.8,0.2,0.0
lexical_k5,q019,0.8,0.2,0.060512820512820475
lexical_k5,q020,0.8,0.2,0.018181818181818077
lexical_k5,q021,0.8,0.2,0.0
lexical_k5,q022,0.8,0.2,0.018181818181818077
lexical_k5,q023,0.8,0.2,0.017021276595744705
lexical_k5,q024,0.8,0.2,0.0
lexical_k5,q025,0.8,0.2,0.0
lexical_k5,q026,0.8,0.2,0.021052631578947212
lexical_k5,q027,0.8,0.2,0.021052631578947212
lexical_k5,q028,0.8,0.2,0.0
lexical_k5,q029,0.8,0.2,0.0
lexical_k5,q030,0.8,0.2,0.07999999999999996
lexical_k5,q031,0.8,0.2,0.024242424242424176
lexical_k5,q032,0.8,0.2,0.059047619047619015
lexical_k5,q033,0.8,0.2,0.02051282051282044
lexical_k5,q034,0.8,0.2,0.01777777777777767
lexical_k5,q035,0.8,0.2,0.021052631578947212
lexical_k5,q036,0.8,0.2,0.01777777777777767
lexical_k5,q037,0.8,0.2,0.05860465116279068
lexical_k5,q038,0.8,0.2,0.0
lexical_k5,q039,0.8,0.2,0.0995121951219512
lexical_k5,q040,0.8,0.2,0.0
lexical_k5,q041,0.8,0.2,0.0
lexical_k5,q042,0.8,0.2,0.07999999999999996
lexical_k5,q043,0.8,0.2,0.039999999999999925
lexical_k5,q044,0.8,0.2,0.021052631578947212
lexical_k5,q045,0.8,0.2,0.039999999999999925
lexical_k5,q046,0.8,0.2,0.02051282051282044
lexical_k5,q047,0.8,0.2,0.01904761904761898
lexical_k5,q048,0.8,0.2,0.04999999999999993
lexical_k5,q049,0.8,0.2,0.039999999999999925
lexical_k5,q050,0.8,0.2,0.039999999999999925
lexical_k5,q051,0.8,0.2,0.0
lexical_k5,q052,0.8,0.2,0.0
lexical_k5,q053,0.8,0.2,0.0
lexical_k5,q054,0.8,0.2,0.0
lexical_k5,q055,0.8,0.2,0.039999999999999925
lexical_k5,q056,0.8,0.2,0.07999999999999996
lexical_k5_rerank,q001,0.8,0.2,0.09702127659574467
lexical_k5_rerank,q002,0.8,0.2,0.05035460992907792
lexical_k5_rerank,q003,0.8,0.2,0.039999999999999925
lexical_k5_rerank,q004,0.8,0.2,0.021621621621621623
lexical_k5_rerank,q005,0.8,0.2,0.0
lexical_k5_rerank,q006,0.8,0.2,0.0
lexical_k5_rerank,q007,0.8,0.2,0.0
lexical_k5_rerank,q008,0.8,0.2,0.18333333333333335
lexical_k5_rerank,q009,0.8,0.2,0.021052631578947212
lexical_k5_rerank,q010,0.8,0.2,0.017391304347825987
lexical_k5_rerank,q011,0.8,0.2,0.0
lexical_k5_rerank,q012,0.8,0.2,0.0
lexical_k5_rerank,q013,0.8,0.2,0.06951219512195117
lexical_k5_rerank,q014,0.8,0.2,0.01904761904761898
lexical_k5_rerank,q015,0.8,0.2,0.059047619047619015
lexical_k5_rerank,q016,0.8,0.2,0.0
lexical_k5_rerank,q017,0.8,0.2,0.02051282051282044
lexical_k5_rerank,q018,0.8,0.2,0.0
lexical_k5_rerank,q019,0.8,0.2,0.060512820512820475
lexical_k5_rerank,q020,0.8,0.2,0.0
lexical_k5_rerank,q021,0.8,0.2,0.019512195121951237
lexical_k5_rerank,q022,0.8,0.2,0.018181818181818077
lexical_k5_rerank,q023,0.8,0.2,0.017021276595744705
lexical_k5_rerank,q024,0.8,0.2,0.0
lexical_k5_rerank,q025,0.8,0.2,0.0
lexical_k5_rerank,q026,0.8,0.2,0.021052631578947212
lexical_k5_rerank,q027,0.8,0.2,0.01904761904761898
lexical_k5_rerank,q028,0.8,0.2,0.0
lexical_k5_rerank,q029,0.8,0.2,0.020000000000000018
lexical_k5_rerank,q030,0.8,0.2,0.07999999999999996
lexical_k5_rerank,q031,0.8,0.2,0.024242424242424176
lexical_k5_rerank,q032,0.8,0.2,0.059047619047619015
lexical_k5_rerank,q033,0.8,0.2,0.02051282051282044
lexical_k5_rerank,q034,0.8,0.2,0.01777777777777767
lexical_k5_rerank,q035,0.8,0.2,0.021052631578947212
lexical_k5_rerank,q036,0.8,0.2,0.01777777777777767
lexical_k5_rerank,q037,0.8,0.2,0.05860465116279068
lexical_k5_rerank,q038,0.8,0.2,0.0
lexical_k5_rerank,q039,0.8,0.2,0.13951219512195112
lexical_k5_rerank,q040,0.8,0.2,0.059047619047619015
lexical_k5_rerank,q041,0.8,0.2,0.0
lexical_k5_rerank,q042,0.8,0.2,0.07999999999999996
lexical_k5_rerank,q043,0.8,0.2,0.039999999999999925
lexical_k5_rerank,q044,0.8,0.2,0.021052631578947212
lexical_k5_rerank,q045,0.8,0.2,0.039999999999999925
lexical_k5_rerank,q046,0.8,0.2,0.02051282051282044
lexical_k5_rerank,q047,0.8,0.2,0.01904761904761898
lexical_k5_rerank,q048,0.8,0.2,0.04999999999999993
lexical_k5_rerank,q049,0.8,0.2,0.039999999999999925
lexical_k5_rerank,q050,0.8,0.2,0.039999999999999925
lexical_k5_rerank,q051,0.8,0.2,0.0
lexical_k5_rerank,q052,0.8,0.2,0.018604651162790642
lexical_k5_rerank,q053,0.8,0.2,0.0
lexical_k5_rerank,q054,0.8,0.2,0.0
lexical_k5_rerank,q055,0.8,0.2,0.039999999999999925
lexical_k5_rerank,q056,0.8,0.2,0.09739130434782606
hybrid_k5_rerank,q001,0.8,0.2,0.07999999999999996
hybrid_k5_rerank,q002,0.8,0.2,0.033333333333333215
hybrid_k5_rerank,q003,0.8,0.2,0.039999999999999925
hybrid_k5_rerank,q004,0.8,0.2,0.016666666666666607
hybrid_k5_rerank,q005,0.8,0.2,0.0
hybrid_k5_rerank,q006,0.8,0.2,0.0
hybrid_k5_rerank,q007,0.8,0.2,0.0
hybrid_k5_rerank,q008,0.8,0.2,0.16666666666666663
hybrid_k5_rerank,q009,0.8,0.2,0.0
hybrid_k5_rerank,q010,0.8,0.2,0.0
hybrid_k5_rerank,q011,0.8,0.2,0.0
hybrid_k5_rerank,q012,0.8,0.2,0.0
hybrid_k5_rerank,q013,0.8,0.2,0.04999999999999993
hybrid_k5_rerank,q014,0.8,0.2,0.0
hybrid_k5_rerank,q015,0.8,0.2,0.039999999999999925
hybrid_k5_rerank,q016,0.8,0.2,0.0
hybrid_k5_rerank,q017,0.8,0.2,0.0
hybrid_k5_rerank,q018,0.8,0.2,0.0
hybrid_k5_rerank,q019,0.8,0.2,0.039999999999999925
hybrid_k5_rerank,q020,0.8,0.2,0.0
hybrid_k5_rerank,q021,0.8,0.2,0.012903225806451646
hybrid_k5_rerank,q022,0.8,0.2,0.0
hybrid_k5_rerank,q023,0.8,0.2,0.0
hybrid_k5_rerank,q024,0.8,0.2,0.0
hybrid_k5_rerank,q025,0.8,0.2,0.0
hybrid_k5_rerank,q026,0.8,0.2,0.015094339622641506
hybrid_k5_rerank,q027,0.8,0.2,0.014285714285714235
hybrid_k5_rerank,q028,0.8,0.2,0.0
hybrid_k5_rerank,q029,0.8,0.2,0.0
hybrid_k5_rerank,q030,0.8,0.2,0.11999999999999988
hybrid_k5_rerank,q031,0.8,0.2,0.0
hybrid_k5_rerank,q032,0.8,0.2,0.039999999999999925
hybrid_k5_rerank,q033,0.8,0.2,0.0
hybrid_k5_rerank,q034,0.8,0.2,0.0
hybrid_k5_rerank,q035,0.8,0.2,0.0
hybrid_k5_rerank,q036,0.8,0.2,0.0
hybrid_k5_rerank,q037,0.8,0.2,0.05290322580645157
hybrid_k5_rerank,q038,0.8,0.2,0.039999999999999925
hybrid_k5_rerank,q039,0.8,0.2,0.07999999999999996
hybrid_k5_rerank,q040,0.8,0.2,0.039999999999999925
hybrid_k5_rerank,q041,0.8,0.2,0.0
hybrid_k5_rerank,q042,0.8,0.2,0.07999999999999996
hybrid_k5_rerank,q043,0.8,0.2,0.039999999999999925
hybrid_k5_rerank,q044,0.8,0.2,0.0
hybrid_k5_rerank,q045,0.8,0.2,0.039999999999999925
hybrid_k5_rerank,q046,0.8,0.2,0.01538461538461533
hybrid_k5_rerank,q047,0.8,0.2,0.0
hybrid_k5_rerank,q048,0.8,0.2,0.04999999999999993
hybrid_k5_rerank,q049,0.8,0.2,0.039999999999999925
hybrid_k5_rerank,q050,0.8,0.2,0.039999999999999925
hybrid_k5_rerank,q051,0.8,0.2,0.0
hybrid_k5_rerank,q052,0.8,0.2,0.0
hybrid_k5_rerank,q053,0.8,0.2,0.0
hybrid_k5_rerank,q054,0.8,0.2,0.0
hybrid_k5_rerank,q055,0.8,0.2,0.039999999999999925
hybrid_k5_rerank,q056,0.8,0.2,0.07999999999999996
hybrid_k8_rerank,q001,0.8,0.2,0.07999999999999996
hybrid_k8_rerank,q002,0.8,0.2,0.033333333333333215
hybrid_k8_rerank,q003,0.8,0.2,0.039999999999999925
hybrid_k8_rerank,q004,0.8,0.2,0.016666666666666607
hybrid_k8_rerank,q005,0.8,0.2,0.0
hybrid_k8_rerank,q006,0.8,0.2,0.0
hybrid_k8_rerank,q007,0.8,0.2,0.0
hybrid_k8_rerank,q008,0.8,0.2,0.16666666666666663
hybrid_k8_rerank,q009,0.8,0.2,0.0
hybrid_k8_rerank,q010,0.8,0.2,0.0
hybrid_k8_rerank,q011,0.8,0.2,0.0
hybrid_k8_rerank,q012,0.8,0.2,0.0
hybrid_k8_rerank,q013,0.8,0.2,0.04999999999999993
hybrid_k8_rerank,q014,0.8,0.2,0.0
hybrid_k8_rerank,q015,0.8,0.2,0.039999999999999925
hybrid_k8_rerank,q016,0.8,0.2,0.0
hybrid_k8_rerank,q017,0.8,0.2,0.0
hybrid_k8_rerank,q018,0.8,0.2,0.0
hybrid_k8_rerank,q019,0.8,0.2,0.039999999999999925
hybrid_k8_rerank,q020,0.8,0.2,0.0
hybrid_k8_rerank,q021,0.8,0.2,0.012903225806451646
hybrid_k8_rerank,q022,0.8,0.2,0.0
hybrid_k8_rerank,q023,0.8,0.2,0.0
hybrid_k8_rerank,q024,0.8,0.2,0.0
hybrid_k8_rerank,q025,0.8,0.2,0.0
hybrid_k8_rerank,q026,0.8,0.2,0.015094339622641506
hybrid_k8_rerank,q027,0.8,0.2,0.014285714285714235
hybrid_k8_rerank,q028,0.8,0.2,0.0
hybrid_k8_rerank,q029,0.8,0.2,0.0
hybrid_k8_rerank,q030,0.8,0.2,0.11999999999999988
hybrid_k8_rerank,q031,0.8,0.2,0.0
hybrid_k8_rerank,q032,0.8,0.2,0.039999999999999925
hybrid_k8_rerank,q033,0.8,0.2,0.0
hybrid_k8_rerank,q034,0.8,0.2,0.0
hybrid_k8_rerank,q035,0.8,0.2,0.0
hybrid_k8_rerank,q036,0.8,0.2,0.0
hybrid_k8_rerank,q037,0.8,0.2,0.05290322580645157
hybrid_k8_rerank,q038,0.8,0.2,0.039999999999999925
hybrid_k8_rerank,q039,0.8,0.2,0.07999999999999996
hybrid_k8_rerank,q040,0.8,0.2,0.039999999999999925
hybrid_k8_rerank,q041,0.8,0.2,0.0
hybrid_k8_rerank,q042,0.8,0.2,0.07999999999999996
hybrid_k8_rerank,q043,0.8,0.2,0.039999999999999925
hybrid_k8_rerank,q044,0.8,0.2,0.0
hybrid_k8_rerank,q045,0.8,0.2,0.039999999999999925
hybrid_k8_rerank,q046,0.8,0.2,0.01538461538461533
hybrid_k8_rerank,q047,0.8,0.2,0.0
hybrid_k8_rerank,q048,0.8,0.2,0.04999999999999993
hybrid_k8_rerank,q049,0.8,0.2,0.039999999999999925
hybrid_k8_rerank,q050,0.8,0.2,0.039999999999999925
hybrid_k8_rerank,q051,0.8,0.2,0.0
hybrid_k8_rerank,q052,0.8,0.2,0.0
hybrid_k8_rerank,q053,0.8,0.2,0.0
hybrid_k8_rerank,q054,0.8,0.2,0.0
hybrid_k8_rerank,q055,0.8,0.2,0.039999999999999925
hybrid_k8_rerank,q056,0.8,0.2,0.07999999999999996
hybrid_k10_large,q001,0.8,0.2,0.07999999999999996
hybrid_k10_large,q002,0.8,0.2,0.033333333333333215
hybrid_k10_large,q003,0.8,0.2,0.039999999999999925
hybrid_k10_large,q004,0.8,0.2,0.0
hybrid_k10_large,q005,0.8,0.2,0.0
hybrid_k10_large,q006,0.8,0.2,0.0
hybrid_k10_large,q007,0.8,0.2,0.0
hybrid_k10_large,q008,0.8,0.2,0.16666666666666663
hybrid_k10_large,q009,0.8,0.2,0.0
hybrid_k10_large,q010,0.8,0.2,0.0
hybrid_k10_large,q011,0.8,0.2,0.0
hybrid_k10_large,q012,0.8,0.2,0.0
hybrid_k10_large,q013,0.8,0.2,0.04999999999999993
hybrid_k10_large,q014,0.8,0.2,0.0
hybrid_k10_large,q015,0.8,0.2,0.039999999999999925
hybrid_k10_large,q016,0.8,0.2,0.0
hybrid_k10_large,q017,0.8,0.2,0.0
hybrid_k10_large,q018,0.8,0.2,0.0
hybrid_k10_large,q019,0.8,0.2,0.039999999999999925
hybrid_k10_large,q020,0.8,0.2,0.0
hybrid_k10_large,q021,0.8,0.2,0.0
hybrid_k10_large,q022,0.8,0.2,0.0
hybrid_k10_large,q023,0.8,0.2,0.0
hybrid_k10_large,q024,0.8,0.2,0.0
hybrid_k10_large,q025,0.8,0.2,0.0
hybrid_k10_large,q026,0.8,0.2,0.0
hybrid_k10_large,q027,0.8,0.2,0.0
hybrid_k10_large,q028,0.8,0.2,0.0
hybrid_k10_large,q029,0.8,0.2,0.0
hybrid_k10_large,q030,0.8,0.2,0.11999999999999988
hybrid_k10_large,q031,0.8,0.2,0.0
hybrid_k10_large,q032,0.8,0.2,0.039999999999999925
hybrid_k10_large,q033,0.8,0.2,0.0
hybrid_k10_large,q034,0.8,0.2,0.0
hybrid_k10_large,q035,0.8,0.2,0.0
hybrid_k10_large,q036,0.8,0.2,0.0
hybrid_k10_large,q037,0.8,0.2,0.039999999999999925
hybrid_k10_large,q038,0.8,0.2,0.039999999999999925
hybrid_k10_large,q039,0.8,0.2,0.07999999999999996
hybrid_k10_large,q040,0.8,0.2,0.039999999999999925
hybrid_k10_large,q041,0.8,0.2,0.0
hybrid_k10_large,q042,0.8,0.2,0.07999999999999996
hybrid_k10_large,q043,0.8,0.2,0.039999999999999925
hybrid_k10_large,q044,0.8,0.2,0.0
hybrid_k10_large,q045,0.8,0.2,0.039999999999999925
hybrid_k10_large,q046,0.8,0.2,0.0
hybrid_k10_large,q047,0.8,0.2,0.0
hybrid_k10_large,q048,0.8,0.2,0.04999999999999993
hybrid_k10_large,q049,0.8,0.2,0.039999999999999925
hybrid_k10_large,q050,0.8,0.2,0.039999999999999925
hybrid_k10_large,q051,0.8,0.2,0.0
hybrid_k10_large,q052,0.8,0.2,0.0
hybrid_k10_large,q053,0.8,0.2,0.0
hybrid_k10_large,q054,0.8,0.2,0.0
hybrid_k10_large,q055,0.8,0.2,0.039999999999999925
hybrid_k10_large,q056,0.8,0.2,0.07999999999999996
dense_hash_k5,q001,0.8,0.2,0.039999999999999925
dense_hash_k5,q002,0.8,0.2,0.033333333333333215
dense_hash_k5,q003,0.8,0.2,0.11999999999999988
dense_hash_k5,q004,0.8,0.2,0.022222222222222143
dense_hash_k5,q005,0.8,0.2,0.039999999999999925
dense_hash_k5,q006,0.8,0.2,0.0
dense_hash_k5,q007,0.8,0.2,0.059047619047619015
dense_hash_k5,q008,0.8,0.2,0.18617886178861787
dense_hash_k5,q009,0.8,0.2,0.08771929824561397
dense_hash_k5,q010,0.8,0.2,0.0
dense_hash_k5,q011,0.8,0.2,0.01777777777777767
dense_hash_k5,q012,0.8,0.2,0.020000000000000018
dense_hash_k5,q013,0.8,0.2,0.06860465116279069
dense_hash_k5,q014,0.8,0.2,0.0
dense_hash_k5,q015,0.8,0.2,0.05951219512195116
dense_hash_k5,q016,0.8,0.2,0.019512195121951237
dense_hash_k5,q017,0.8,0.2,0.017021276595744705
dense_hash_k5,q018,0.8,0.2,0.02051282051282044
dense_hash_k5,q019,0.8,0.2,0.05599999999999994
dense_hash_k5,q020,0.8,0.2,0.19999999999999996
dense_hash_k5,q021,0.8,0.2,0.019512195121951237
dense_hash_k5,q022,0.8,0.2,0.0
dense_hash_k5,q023,0.8,0.2,0.039999999999999925
dense_hash_k5,q024,0.8,0.2,0.0
dense_hash_k5,q025,0.8,0.2,0.018604651162790642
dense_hash_k5,q026,0.8,0.2,0.018604651162790642
dense_hash_k5,q027,0.8,0.2,0.02051282051282044
dense_hash_k5,q028,0.8,0.2,0.17702127659574463
dense_hash_k5,q029,0.8,0.2,0.019512195121951237
dense_hash_k5,q030,0.8,0.2,0.09904761904761905
dense_hash_k5,q031,0.8,0.2,0.0
dense_hash_k5,q032,0.8,0.2,0.05860465116279068
dense_hash_k5,q033,0.8,0.2,0.0
dense_hash_k5,q034,0.8,0.2,0.19999999999999996
dense_hash_k5,q035,0.8,0.2,0.0
dense_hash_k5,q036,0.8,0.2,0.05739130434782602
dense_hash_k5,q037,0.8,0.2,0.19999999999999996
dense_hash_k5,q038,0.8,0.2,0.039999999999999925
dense_hash_k5,q039,0.8,0.2,0.15999999999999992
dense_hash_k5,q040,0.8,0.2,0.0
dense_hash_k5,q041,0.8,0.2,0.15999999999999992
dense_hash_k5,q042,0.8,0.2,0.19999999999999996
dense_hash_k5,q043,0.8,0.2,0.07999999999999996
dense_hash_k5,q044,0.8,0.2,0.020000000000000018
dense_hash_k5,q045,0.8,0.2,0.039999999999999925
dense_hash_k5,q046,0.8,0.2,0.01777777777777767
dense_hash_k5,q047,0.8,0.2,0.0
dense_hash_k5,q048,0.8,0.2,0.06739130434782603
dense_hash_k5,q049,0.8,0.2,0.07999999999999996
dense_hash_k5,q050,0.8,0.2,0.059047619047619015
dense_hash_k5,q051,0.8,0.2,0.21777777777777774
dense_hash_k5,q052,0.8,0.2,0.019512195121951237
dense_hash_k5,q053,0.8,0.2,0.018181818181818077
dense_hash_k5,q054,0.8,0.2,0.0
dense_hash_k5,q055,0.8,0.2,0.039999999999999925
dense_hash_k5,q056,0.8,0.2,0.19999999999999996
dense_hash_k5_rerank,q001,0.8,0.2,0.05666666666666664
dense_hash_k5_rerank,q002,0.8,0.2,0.033333333333333215
dense_hash_k5_rerank,q003,0.8,0.2,0.057777777777777706
dense_hash_k5_rerank,q004,0.8,0.2,0.021621621621621623
dense_hash_k5_rerank,q005,0.8,0.2,0.0
dense_hash_k5_rerank,q006,0.8,0.2,0.0
dense_hash_k5_rerank,q007,0.8,0.2,0.0
dense_hash_k5_rerank,q008,0.8,0.2,0.18484848484848482
dense_hash_k5_rerank,q009,0.8,0.2,0.08771929824561397
dense_hash_k5_rerank,q010,0.8,0.2,0.0
dense_hash_k5_rerank,q011,0.8,0.2,0.0
dense_hash_k5_rerank,q012,0.8,0.2,0.021621621621621623
dense_hash_k5_rerank,q013,0.8,0.2,0.06818181818181812
dense_hash_k5_rerank,q014,0.8,0.2,0.0
dense_hash_k5_rerank,q015,0.8,0.2,0.06222222222222218
dense_hash_k5_rerank,q016,0.8,0.2,0.019512195121951237
dense_hash_k5_rerank,q017,0.8,0.2,0.020000000000000018
dense_hash_k5_rerank,q018,0.8,0.2,0.0
dense_hash_k5_rerank,q019,0.8,0.2,0.039999999999999925
dense_hash_k5_rerank,q020,0.8,0.2,0.0
dense_hash_k5_rerank,q021,0.8,0.2,0.0
dense_hash_k5_rerank,q022,0.8,0.2,0.017391304347825987
dense_hash_k5_rerank,q023,0.8,0.2,0.01904761904761898
dense_hash_k5_rerank,q024,0.8,0.2,0.0
dense_hash_k5_rerank,q025,0.8,0.2,0.018604651162790642
dense_hash_k5_rerank,q026,0.8,0.2,0.02051282051282044
dense_hash_k5_rerank,q027,0.8,0.2,0.01904761904761898
dense_hash_k5_rerank,q028,0.8,0.2,0.15999999999999992
dense_hash_k5_rerank,q029,0.8,0.2,0.0
dense_hash_k5_rerank,q030,0.8,0.2,0.11999999999999988
dense_hash_k5_rerank,q031,0.8,0.2,0.022222222222222143
dense_hash_k5_rerank,q032,0.8,0.2,0.05999999999999994
dense_hash_k5_rerank,q033,0.8,0.2,0.0
dense_hash_k5_rerank,q034,0.8,0.2,0.0
dense_hash_k5_rerank,q035,0.8,0.2,0.021052631578947212
dense_hash_k5_rerank,q036,0.8,0.2,0.05999999999999994
dense_hash_k5_rerank,q037,0.8,0.2,0.039999999999999925
dense_hash_k5_rerank,q038,0.8,0.2,0.059047619047619015
dense_hash_k5_rerank,q039,0.8,0.2,0.0995121951219512
dense_hash_k5_rerank,q040,0.8,0.2,0.0
dense_hash_k5_rerank,q041,0.8,0.2,0.0
dense_hash_k5_rerank,q042,0.8,0.2,0.15999999999999992
dense_hash_k5_rerank,q043,0.8,0.2,0.039999999999999925
dense_hash_k5_rerank,q044,0.8,0.2,0.021052631578947212
dense_hash_k5_rerank,q045,0.8,0.2,0.059047619047619015
dense_hash_k5_rerank,q046,0.8,0.2,0.02051282051282044
dense_hash_k5_rerank,q047,0.8,0.2,0.0
dense_hash_k5_rerank,q048,0.8,0.2,0.06739130434782603
dense_hash_k5_rerank,q049,0.8,0.2,0.059047619047619015
dense_hash_k5_rerank,q050,0.8,0.2,0.039999999999999925
dense_hash_k5_rerank,q051,0.8,0.2,0.01777777777777767
dense_hash_k5_rerank,q052,0.8,0.2,0.019512195121951237
dense_hash_k5_rerank,q053,0.8,0.2,0.018181818181818077
dense_hash_k5_rerank,q054,0.8,0.2,0.0
dense_hash_k5_rerank,q055,0.8,0.2,0.039999999999999925
dense_hash_k5_rerank,q056,0.8,0.2,0.19999999999999996
hybrid_dense_hash_k5_rerank,q001,0.8,0.2,0.0
hybrid_dense_hash_k5_rerank,q002,0.8,0.2,0.033333333333333215
hybrid_dense_hash_k5_rerank,q003,0.8,0.2,0.039999999999999925
hybrid_dense_hash_k5_rerank,q004,0.8,0.2,0.016666666666666607
hybrid_dense_hash_k5_rerank,q005,0.8,0.2,0.0
hybrid_dense_hash_k5_rerank,q006,0.8,0.2,0.0
hybrid_dense_hash_k5_rerank,q007,0.8,0.2,0.0
hybrid_dense_hash_k5_rerank,q008,0.8,0.2,0.17897435897435887
hybrid_dense_hash_k5_rerank,q009,0.8,0.2,0.0
hybrid_dense_hash_k5_rerank,q010,0.8,0.2,0.0
hybrid_dense_hash_k5_rerank,q011,0.8,0.2,0.0
hybrid_dense_hash_k5_rerank,q012,0.8,0.2,0.0
hybrid_dense_hash_k5_rerank,q013,0.8,0.2,0.04999999999999993
hybrid_dense_hash_k5_rerank,q014,0.8,0.2,0.0
hybrid_dense_hash_k5_rerank,q015,0.8,0.2,0.039999999999999925
hybrid_dense_hash_k5_rerank,q016,0.8,0.2,0.0
hybrid_dense_hash_k5_rerank,q017,0.8,0.2,0.0
hybrid_dense_hash_k5_rerank,q018,0.8,0.2,0.0
hybrid_dense_hash_k5_rerank,q019,0.8,0.2,0.039999999999999925
hybrid_dense_hash_k5_rerank,q020,0.8,0.2,0.0
hybrid_dense_hash_k5_rerank,q021,0.8,0.2,0.0
hybrid_dense_hash_k5_rerank,q022,0.8,0.2,0.0
hybrid_dense_hash_k5_rerank,q023,0.8,0.2,0.0
hybrid_dense_hash_k5_rerank,q024,0.8,0.2,0.0
hybrid_dense_hash_k5_rerank,q025,0.8,0.2,0.0
hybrid_dense_hash_k5_rerank,q026,0.8,0.2,0.015094339622641506
hybrid_dense_hash_k5_rerank,q027,0.8,0.2,0.014285714285714235
hybrid_dense_hash_k5_rerank,q028,0.8,0.2,0.0
hybrid_dense_hash_k5_rerank,q029,0.8,0.2,0.0
hybrid_dense_hash_k5_rerank,q030,0.8,0.2,0.11999999999999988
hybrid_dense_hash_k5_rerank,q031,0.8,0.2,0.0
hybrid_dense_hash_k5_rerank,q032,0.8,0.2,0.039999999999999925
hybrid_dense_hash_k5_rerank,q033,0.8,0.2,0.0
hybrid_dense_hash_k5_rerank,q034,0.8,0.2,0.0
hybrid_dense_hash_k5_rerank,q035,0.8,0.2,0.0
hybrid_dense_hash_k5_rerank,q036,0.8,0.2,0.0
hybrid_dense_hash_k5_rerank,q037,0.8,0.2,0.039999999999999925
hybrid_dense_hash_k5_rerank,q038,0.8,0.2,0.039999999999999925
hybrid_dense_hash_k5_rerank,q039,0.8,0.2,0.07999999999999996
hybrid_dense_hash_k5_rerank,q040,0.8,0.2,0.039999999999999925
hybrid_dense_hash_k5_rerank,q041,0.8,0.2,0.0
hybrid_dense_hash_k5_rerank,q042,0.8,0.2,0.07999999999999996
hybrid_dense_hash_k5_rerank,q043,0.8,0.2,0.039999999999999925
hybrid_dense_hash_k5_rerank,q044,0.8,0.2,0.0
hybrid_dense_hash_k5_rerank,q045,0.8,0.2,0.039999999999999925
hybrid_dense_hash_k5_rerank,q046,0.8,0.2,0.01538461538461533
hybrid_dense_hash_k5_rerank,q047,0.8,0.2,0.0
hybrid_dense_hash_k5_rerank,q048,0.8,0.2,0.0626984126984127
hybrid_dense_hash_k5_rerank,q049,0.8,0.2,0.039999999999999925
hybrid_dense_hash_k5_rerank,q050,0.8,0.2,0.039999999999999925
hybrid_dense_hash_k5_rerank,q051,0.8,0.2,0.0
hybrid_dense_hash_k5_rerank,q052,0.8,0.2,0.0
hybrid_dense_hash_k5_rerank,q053,0.8,0.2,0.0
hybrid_dense_hash_k5_rerank,q054,0.8,0.2,0.0
hybrid_dense_hash_k5_rerank,q055,0.8,0.2,0.039999999999999925
hybrid_dense_hash_k5_rerank,q056,0.8,0.2,0.07999999999999996
lexical_k3,q001,0.9,0.1,0.04307692307692301
lexical_k3,q002,0.9,0.1,0.016666666666666607
lexical_k3,q003,0.9,0.1,0.020000000000000018
lexical_k3,q004,0.9,0.1,0.0
lexical_k3,q005,0.9,0.1,0.020000000000000018
lexical_k3,q006,0.9,0.1,0.0
lexical_k3,q007,0.9,0.1,0.0
lexical_k3,q008,0.9,0.1,0.08333333333333326
lexical_k3,q009,0.9,0.1,0.023684210526315752
lexical_k3,q010,0.9,0.1,0.019565217391304346
lexical_k3,q011,0.9,0.1,0.0
lexical_k3,q012,0.9,0.1,0.0
lexical_k3,q013,0.9,0.1,0.04695121951219505
lexical_k3,q014,0.9,0.1,0.021428571428571463
lexical_k3,q015,0.9,0.1,0.04812499999999997
lexical_k3,q016,0.9,0.1,0.02195121951219514
lexical_k3,q017,0.9,0.1,0.023076923076923106
lexical_k3,q018,0.9,0.1,0.0
lexical_k3,q019,0.9,0.1,0.04307692307692301
lexical_k3,q020,0.9,0.1,0.020454545454545392
lexical_k3,q021,0.9,0.1,0.0
lexical_k3,q022,0.9,0.1,0.020454545454545392
lexical_k3,q023,0.9,0.1,0.01914893617021285
lexical_k3,q024,0.9,0.1,0.0
lexical_k3,q025,0.9,0.1,0.0
lexical_k3,q026,0.9,0.1,0.023684210526315752
lexical_k3,q027,0.9,0.1,0.023684210526315752
lexical_k3,q028,0.9,0.1,0.0
lexical_k3,q029,0.9,0.1,0.0
lexical_k3,q030,0.9,0.1,0.040000000000000036
lexical_k3,q031,0.9,0.1,0.027272727272727226
lexical_k3,q032,0.9,0.1,0.04142857142857137
lexical_k3,q033,0.9,0.1,0.023076923076923106
lexical_k3,q034,0.9,0.1,0.020000000000000018
lexical_k3,q035,0.9,0.1,0.023684210526315752
lexical_k3,q036,0.9,0.1,0.020000000000000018
lexical_k3,q037,0.9,0.1,0.040930232558139545
lexical_k3,q038,0.9,0.1,0.0
lexical_k3,q039,0.9,0.1,0.06195121951219518
lexical_k3,q040,0.9,0.1,0.0
lexical_k3,q041,0.9,0.1,0.0
lexical_k3,q042,0.9,0.1,0.040000000000000036
lexical_k3,q043,0.9,0.1,0.020000000000000018
lexical_k3,q044,0.9,0.1,0.023684210526315752
lexical_k3,q045,0.9,0.1,0.020000000000000018
lexical_k3,q046,0.9,0.1,0.023076923076923106
lexical_k3,q047,0.9,0.1,0.021428571428571463
lexical_k3,q048,0.9,0.1,0.02499999999999991
lexical_k3,q049,0.9,0.1,0.020000000000000018
lexical_k3,q050,0.9,0.1,0.020000000000000018
lexical_k3,q051,0.9,0.1,0.0
lexical_k3,q052,0.9,0.1,0.0
lexical_k3,q053,0.9,0.1,0.0
lexical_k3,q054,0.9,0.1,0.0
lexical_k3,q055,0.9,0.1,0.020000000000000018
lexical_k3,q056,0.9,0.1,0.040000000000000036
lexical_k5,q001,0.9,0.1,0.04307692307692301
lexical_k5,q002,0.9,0.1,0.016666666666666607
lexical_k5,q003,0.9,0.1,0.020000000000000018
lexical_k5,q004,0.9,0.1,0.0
lexical_k5,q005,0.9,0.1,0.020000000000000018
lexical_k5,q006,0.9,0.1,0.0
lexical_k5,q007,0.9,0.1,0.0
lexical_k5,q008,0.9,0.1,0.08333333333333326
lexical_k5,q009,0.9,0.1,0.023684210526315752
lexical_k5,q010,0.9,0.1,0.019565217391304346
lexical_k5,q011,0.9,0.1,0.0
lexical_k5,q012,0.9,0.1,0.0
lexical_k5,q013,0.9,0.1,0.04695121951219505
lexical_k5,q014,0.9,0.1,0.021428571428571463
lexical_k5,q015,0.9,0.1,0.04812499999999997
lexical_k5,q016,0.9,0.1,0.02195121951219514
lexical_k5,q017,0.9,0.1,0.023076923076923106
lexical_k5,q018,0.9,0.1,0.0
lexical_k5,q019,0.9,0.1,0.04307692307692301
lexical_k5,q020,0.9,0.1,0.020454545454545392
lexical_k5,q021,0.9,0.1,0.0
lexical_k5,q022,0.9,0.1,0.020454545454545392
lexical_k5,q023,0.9,0.1,0.01914893617021285
lexical_k5,q024,0.9,0.1,0.0
lexical_k5,q025,0.9,0.1,0.0
lexical_k5,q026,0.9,0.1,0.023684210526315752
lexical_k5,q027,0.9,0.1,0.023684210526315752
lexical_k5,q028,0.9,0.1,0.0
lexical_k5,q029,0.9,0.1,0.0
lexical_k5,q030,0.9,0.1,0.040000000000000036
lexical_k5,q031,0.9,0.1,0.027272727272727226
lexical_k5,q032,0.9,0.1,0.04142857142857137
lexical_k5,q033,0.9,0.1,0.023076923076923106
lexical_k5,q034,0.9,0.1,0.020000000000000018
lexical_k5,q035,0.9,0.1,0.023684210526315752
lexical_k5,q036,0.9,0.1,0.020000000000000018
lexical_k5,q037,0.9,0.1,0.040930232558139545
lexical_k5,q038,0.9,0.1,0.0
lexical_k5,q039,0.9,0.1,0.06195121951219518
lexical_k5,q040,0.9,0.1,0.0
lexical_k5,q041,0.9,0.1,0.0
lexical_k5,q042,0.9,0.1,0.040000000000000036
lexical_k5,q043,0.9,0.1,0.020000000000000018
lexical_k5,q044,0.9,0.1,0.023684210526315752
lexical_k5,q045,0.9,0.1,0.020000000000000018
lexical_k5,q046,0.9,0.1,0.023076923076923106
lexical_k5,q047,0.9,0.1,0.021428571428571463
lexical_k5,q048,0.9,0.1,0.02499999999999991
lexical_k5,q049,0.9,0.1,0.020000000000000018
lexical_k5,q050,0.9,0.1,0.020000000000000018
lexical_k5,q051,0.9,0.1,0.0
lexical_k5,q052,0.9,0.1,0.0
lexical_k5,q053,0.9,0.1,0.0
lexical_k5,q054,0.9,0.1,0.0
lexical_k5,q055,0.9,0.1,0.020000000000000018
lexical_k5,q056,0.9,0.1,0.040000000000000036
lexical_k5_rerank,q001,0.9,0.1,0.059148936170212885
lexical_k5_rerank,q002,0.9,0.1,0.03581560283687946
lexical_k5_rerank,q003,0.9,0.1,0.020000000000000018
lexical_k5_rerank,q004,0.9,0.1,0.024324324324324298
lexical_k5_rerank,q005,0.9,0.1,0.0
lexical_k5_rerank,q006,0.9,0.1,0.0
lexical_k5_rerank,q007,0.9,0.1,0.0
lexical_k5_rerank,q008,0.9,0.1,0.1020833333333333
lexical_k5_rerank,q009,0.9,0.1,0.023684210526315752
lexical_k5_rerank,q010,0.9,0.1,0.019565217391304346
lexical_k5_rerank,q011,0.9,0.1,0.0
lexical_k5_rerank,q012,0.9,0.1,0.0
lexical_k5_rerank,q013,0.9,0.1,0.04695121951219505
lexical_k5_rerank,q014,0.9,0.1,0.021428571428571463
lexical_k5_rerank,q015,0.9,0.1,0.04142857142857137
lexical_k5_rerank,q016,0.9,0.1,0.0
lexical_k5_rerank,q017,0.9,0.1,0.023076923076923106
lexical_k5_rerank,q018,0.9,0.1,0.0
lexical_k5_rerank,q019,0.9,0.1,0.04307692307692301
lexical_k5_rerank,q020,0.9,0.1,0.0
lexical_k5_rerank,q021,0.9,0.1,0.02195121951219514
lexical_k5_rerank,q022,0.9,0.1,0.020454545454545392
lexical_k5_rerank,q023,0.9,0.1,0.01914893617021285
lexical_k5_rerank,q024,0.9,0.1,0.0
lexical_k5_rerank,q025,0.9,0.1,0.0
lexical_k5_rerank,q026,0.9,0.1,0.023684210526315752
lexical_k5_rerank,q027,0.9,0.1,0.021428571428571463
lexical_k5_rerank,q028,0.9,0.1,0.0
lexical_k5_rerank,q029,0.9,0.1,0.022500000000000075
lexical_k5_rerank,q030,0.9,0.1,0.040000000000000036
lexical_k5_rerank,q031,0.9,0.1,0.027272727272727226
lexical_k5_rerank,q032,0.9,0.1,0.04142857142857137
lexical_k5_rerank,q033,0.9,0.1,0.023076923076923106
lexical_k5_rerank,q034,0.9,0.1,0.020000000000000018
lexical_k5_rerank,q035,0.9,0.1,0.023684210526315752
lexical_k5_rerank,q036,0.9,0.1,0.020000000000000018
lexical_k5_rerank,q037,0.9,0.1,0.040930232558139545
lexical_k5_rerank,q038,0.9,0.1,0.0
lexical_k5_rerank,q039,0.9,0.1,0.08195121951219508
lexical_k5_rerank,q040,0.9,0.1,0.04142857142857137
lexical_k5_rerank,q041,0.9,0.1,0.0
lexical_k5_rerank,q042,0.9,0.1,0.040000000000000036
lexical_k5_rerank,q043,0.9,0.1,0.020000000000000018
lexical_k5_rerank,q044,0.9,0.1,0.023684210526315752
lexical_k5_rerank,q045,0.9,0.1,0.020000000000000018
lexical_k5_rerank,q046,0.9,0.1,0.023076923076923106
lexical_k5_rerank,q047,0.9,0.1,0.021428571428571463
lexical_k5_rerank,q048,0.9,0.1,0.02499999999999991
lexical_k5_rerank,q049,0.9,0.1,0.020000000000000018
lexical_k5_rerank,q050,0.9,0.1,0.020000000000000018
lexical_k5_rerank,q051,0.9,0.1,0.0
lexical_k5_rerank,q052,0.9,0.1,0.020930232558139528
lexical_k5_rerank,q053,0.9,0.1,0.0
lexical_k5_rerank,q054,0.9,0.1,0.0
lexical_k5_rerank,q055,0.9,0.1,0.020000000000000018
lexical_k5_rerank,q056,0.9,0.1,0.05956521739130438
hybrid_k5_rerank,q001,0.9,0.1,0.040000000000000036
hybrid_k5_rerank,q002,0.9,0.1,0.016666666666666607
hybrid_k5_rerank,q003,0.9,0.1,0.020000000000000018
hybrid_k5_rerank,q004,0.9,0.1,0.018750000000000044
hybrid_k5_rerank,q005,0.9,0.1,0.0
hybrid_k5_rerank,q006,0.9,0.1,0.0
hybrid_k5_rerank,q007,0.9,0.1,0.0
hybrid_k5_rerank,q008,0.9,0.1,0.08333333333333326
hybrid_k5_rerank,q009,0.9,0.1,0.0
hybrid_k5_rerank,q010,0.9,0.1,0.0
hybrid_k5_rerank,q011,0.9,0.1,0.0
hybrid_k5_rerank,q012,0.9,0.1,0.0
hybrid_k5_rerank,q013,0.9,0.1,0.02499999999999991
hybrid_k5_rerank,q014,0.9,0.1,0.0
hybrid_k5_rerank,q015,0.9,0.1,0.020000000000000018
hybrid_k5_rerank,q016,0.9,0.1,0.0
hybrid_k5_rerank,q017,0.9,0.1,0.0
hybrid_k5_rerank,q018,0.9,0.1,0.0
hybrid_k5_rerank,q019,0.9,0.1,0.020000000000000018
hybrid_k5_rerank,q020,0.9,0.1,0.0
hybrid_k5_rerank,q021,0.9,0.1,0.014516129032258074
hybrid_k5_rerank,q022,0.9,0.1,0.0
hybrid_k5_rerank,q023,0.9,0.1,0.0
hybrid_k5_rerank,q024,0.9,0.1,0.0
hybrid_k5_rerank,q025,0.9,0.1,0.0
hybrid_k5_rerank,q026,0.9,0.1,0.016981132075471694
hybrid_k5_rerank,q027,0.9,0.1,0.016071428571428625
hybrid_k5_rerank,q028,0.9,0.1,0.0
hybrid_k5_rerank,q029,0.9,0.1,0.0
hybrid_k5_rerank,q030,0.9,0.1,0.05999999999999994
hybrid_k5_rerank,q031,0.9,0.1,0.0
hybrid_k5_rerank,q032,0.9,0.1,0.020000000000000018
hybrid_k5_rerank,q033,0.9,0.1,0.0
hybrid_k5_rerank,q034,0.9,0.1,0.0
hybrid_k5_rerank,q035,0.9,0.1,0.0
hybrid_k5_rerank,q036,0.9,0.1,0.0
hybrid_k5_rerank,q037,0.9,0.1,0.03451612903225798
hybrid_k5_rerank,q038,0.9,0.1,0.020000000000000018
hybrid_k5_rerank,q039,0.9,0.1,0.040000000000000036
hybrid_k5_rerank,q040,0.9,0.1,0.020000000000000018
hybrid_k5_rerank,q041,0.9,0.1,0.0
hybrid_k5_rerank,q042,0.9,0.1,0.040000000000000036
hybrid_k5_rerank,q043,0.9,0.1,0.020000000000000018
hybrid_k5_rerank,q044,0.9,0.1,0.0
hybrid_k5_rerank,q045,0.9,0.1,0.020000000000000018
hybrid_k5_rerank,q046,0.9,0.1,0.017307692307692357
hybrid_k5_rerank,q047,0.9,0.1,0.0
hybrid_k5_rerank,q048,0.9,0.1,0.02499999999999991
hybrid_k5_rerank,q049,0.9,0.1,0.020000000000000018
hybrid_k5_rerank,q050,0.9,0.1,0.020000000000000018
hybrid_k5_rerank,q051,0.9,0.1,0.0
hybrid_k5_rerank,q052,0.9,0.1,0.0
hybrid_k5_rerank,q053,0.9,0.1,0.0
hybrid_k5_rerank,q054,0.9,0.1,0.0
hybrid_k5_rerank,q055,0.9,0.1,0.020000000000000018
hybrid_k5_rerank,q056,0.9,0.1,0.040000000000000036
hybrid_k8_rerank,q001,0.9,0.1,0.040000000000000036
hybrid_k8_rerank,q002,0.9,0.1,0.016666666666666607
hybrid_k8_rerank,q003,0.9,0.1,0.020000000000000018
hybrid_k8_rerank,q004,0.9,0.1,0.018750000000000044
hybrid_k8_rerank,q005,0.9,0.1,0.0
hybrid_k8_rerank,q006,0.9,0.1,0.0
hybrid_k8_rerank,q007,0.9,0.1,0.0
hybrid_k8_rerank,q008,0.9,0.1,0.08333333333333326
hybrid_k8_rerank,q009,0.9,0.1,0.0
hybrid_k8_rerank,q010,0.9,0.1,0.0
hybrid_k8_rerank,q011,0.9,0.1,0.0
hybrid_k8_rerank,q012,0.9,0.1,0.0
hybrid_k8_rerank,q013,0.9,0.1,0.02499999999999991
hybrid_k8_rerank,q014,0.9,0.1,0.0
hybrid_k8_rerank,q015,0.9,0.1,0.020000000000000018
hybrid_k8_rerank,q016,0.9,0.1,0.0
hybrid_k8_rerank,q017,0.9,0.1,0.0
hybrid_k8_rerank,q018,0.9,0.1,0.0
hybrid_k8_rerank,q019,0.9,0.1,0.020000000000000018
hybrid_k8_rerank,q020,0.9,0.1,0.0
hybrid_k8_rerank,q021,0.9,0.1,0.014516129032258074
hybrid_k8_rerank,q022,0.9,0.1,0.0
hybrid_k8_rerank,q023,0.9,0.1,0.0
hybrid_k8_rerank,q024,0.9,0.1,0.0
hybrid_k8_rerank,q025,0.9,0.1,0.0
hybrid_k8_rerank,q026,0.9,0.1,0.016981132075471694
hybrid_k8_rerank,q027,0.9,0.1,0.016071428571428625
hybrid_k8_rerank,q028,0.9,0.1,0.0
hybrid_k8_rerank,q029,0.9,0.1,0.0
hybrid_k8_rerank,q030,0.9,0.1,0.05999999999999994
hybrid_k8_rerank,q031,0.9,0.1,0.0
hybrid_k8_rerank,q032,0.9,0.1,0.020000000000000018
hybrid_k8_rerank,q033,0.9,0.1,0.0
hybrid_k8_rerank,q034,0.9,0.1,0.0
hybrid_k8_rerank,q035,0.9,0.1,0.0
hybrid_k8_rerank,q036,0.9,0.1,0.0
hybrid_k8_rerank,q037,0.9,0.1,0.03451612903225798
hybrid_k8_rerank,q038,0.9,0.1,0.020000000000000018
hybrid_k8_rerank,q039,0.9,0.1,0.040000000000000036
hybrid_k8_rerank,q040,0.9,0.1,0.020000000000000018
hybrid_k8_rerank,q041,0.9,0.1,0.0
hybrid_k8_rerank,q042,0.9,0.1,0.040000000000000036
hybrid_k8_rerank,q043,0.9,0.1,0.020000000000000018
hybrid_k8_rerank,q044,0.9,0.1,0.0
hybrid_k8_rerank,q045,0.9,0.1,0.020000000000000018
hybrid_k8_rerank,q046,0.9,0.1,0.017307692307692357
hybrid_k8_rerank,q047,0.9,0.1,0.0
hybrid_k8_rerank,q048,0.9,0.1,0.02499999999999991
hybrid_k8_rerank,q049,0.9,0.1,0.020000000000000018
hybrid_k8_rerank,q050,0.9,0.1,0.020000000000000018
hybrid_k8_rerank,q051,0.9,0.1,0.0
hybrid_k8_rerank,q052,0.9,0.1,0.0
hybrid_k8_rerank,q053,0.9,0.1,0.0
hybrid_k8_rerank,q054,0.9,0.1,0.0
hybrid_k8_rerank,q055,0.9,0.1,0.020000000000000018
hybrid_k8_rerank,q056,0.9,0.1,0.040000000000000036
hybrid_k10_large,q001,0.9,0.1,0.040000000000000036
hybrid_k10_large,q002,0.9,0.1,0.016666666666666607
hybrid_k10_large,q003,0.9,0.1,0.020000000000000018
hybrid_k10_large,q004,0.9,0.1,0.0
hybrid_k10_large,q005,0.9,0.1,0.0
hybrid_k10_large,q006,0.9,0.1,0.0
hybrid_k10_large,q007,0.9,0.1,0.0
hybrid_k10_large,q008,0.9,0.1,0.08333333333333326
hybrid_k10_large,q009,0.9,0.1,0.0
hybrid_k10_large,q010,0.9,0.1,0.0
hybrid_k10_large,q011,0.9,0.1,0.0
hybrid_k10_large,q012,0.9,0.1,0.0
hybrid_k10_large,q013,0.9,0.1,0.02499999999999991
hybrid_k10_large,q014,0.9,0.1,0.0
hybrid_k10_large,q015,0.9,0.1,0.020000000000000018
hybrid_k10_large,q016,0.9,0.1,0.0
hybrid_k10_large,q017,0.9,0.1,0.0
hybrid_k10_large,q018,0.9,0.1,0.0
hybrid_k10_large,q019,0.9,0.1,0.020000000000000018
hybrid_k10_large,q020,0.9,0.1,0.0
hybrid_k10_large,q021,0.9,0.1,0.0
hybrid_k10_large,q022,0.9,0.1,0.0
hybrid_k10_large,q023,0.9,0.1,0.0
hybrid_k10_large,q024,0.9,0.1,0.0
hybrid_k10_large,q025,0.9,0.1,0.0
hybrid_k10_large,q026,0.9,0.1,0.0
hybrid_k10_large,q027,0.9,0.1,0.0
hybrid_k10_large,q028,0.9,0.1,0.0
hybrid_k10_large,q029,0.9,0.1,0.0
hybrid_k10_large,q030,0.9,0.1,0.05999999999999994
hybrid_k10_large,q031,0.9,0.1,0.0
hybrid_k10_large,q032,0.9,0.1,0.020000000000000018
hybrid_k10_large,q033,0.9,0.1,0.0
hybrid_k10_large,q034,0.9,0.1,0.0
hybrid_k10_large,q035,0.9,0.1,0.0
hybrid_k10_large,q036,0.9,0.1,0.0
hybrid_k10_large,q037,0.9,0.1,0.020000000000000018
hybrid_k10_large,q038,0.9,0.1,0.020000000000000018
hybrid_k10_large,q039,0.9,0.1,0.040000000000000036
hybrid_k10_large,q040,0.9,0.1,0.020000000000000018
hybrid_k10_large,q041,0.9,0.1,0.0
hybrid_k10_large,q042,0.9,0.1,0.040000000000000036
hybrid_k10_large,q043,0.9,0.1,0.020000000000000018
hybrid_k10_large,q044,0.9,0.1,0.0
hybrid_k10_large,q045,0.9,0.1,0.020000000000000018
hybrid_k10_large,q046,0.9,0.1,0.0
hybrid_k10_large,q047,0.9,0.1,0.0
hybrid_k10_large,q048,0.9,0.1,0.02499999999999991
hybrid_k10_large,q049,0.9,0.1,0.020000000000000018
hybrid_k10_large,q050,0.9,0.1,0.020000000000000018
hybrid_k10_large,q051,0.9,0.1,0.0
hybrid_k10_large,q052,0.9,0.1,0.0
hybrid_k10_large,q053,0.9,0.1,0.0
hybrid_k10_large,q054,0.9,0.1,0.0
hybrid_k10_large,q055,0.9,0.1,0.020000000000000018
hybrid_k10_large,q056,0.9,0.1,0.040000000000000036
dense_hash_k5,q001,0.9,0.1,0.020000000000000018
dense_hash_k5,q002,0.9,0.1,0.016666666666666607
dense_hash_k5,q003,0.9,0.1,0.05999999999999994
dense_hash_k5,q004,0.9,0.1,0.025000000000000022
dense_hash_k5,q005,0.9,0.1,0.020000000000000018
dense_hash_k5,q006,0.9,0.1,0.0
dense_hash_k5,q007,0.9,0.1,0.04142857142857137
dense_hash_k5,q008,0.9,0.1,0.1052845528455284
dense_hash_k5,q009,0.9,0.1,0.05701754385964908
dense_hash_k5,q010,0.9,0.1,0.0
dense_hash_k5,q011,0.9,0.1,0.020000000000000018
dense_hash_k5,q012,0.9,0.1,0.022500000000000075
dense_hash_k5,q013,0.9,0.1,0.04593023255813944
dense_hash_k5,q014,0.9,0.1,0.0
dense_hash_k5,q015,0.9,0.1,0.04195121951219516
dense_hash_k5,q016,0.9,0.1,0.02195121951219514
dense_hash_k5,q017,0.9,0.1,0.01914893617021285
dense_hash_k5,q018,0.9,0.1,0.023076923076923106
dense_hash_k5,q019,0.9,0.1,0.038000000000000034
dense_hash_k5,q020,0.9,0.1,0.09999999999999998
dense_hash_k5,q021,0.9,0.1,0.02195121951219514
dense_hash_k5,q022,0.9,0.1,0.0
dense_hash_k5,q023,0.9,0.1,0.020000000000000018
dense_hash_k5,q024,0.9,0.1,0.0
dense_hash_k5,q025,0.9,0.1,0.020930232558139528
dense_hash_k5,q026,0.9,0.1,0.020930232558139528
dense_hash_k5,q027,0.9,0.1,0.023076923076923106
dense_hash_k5,q028,0.9,0.1,0.09914893617021281
dense_hash_k5,q029,0.9,0.1,0.02195121951219514
dense_hash_k5,q030,0.9,0.1,0.06142857142857139
dense_hash_k5,q031,0.9,0.1,0.0
dense_hash_k5,q032,0.9,0.1,0.040930232558139545
dense_hash_k5,q033,0.9,0.1,0.0
dense_hash_k5,q034,0.9,0.1,0.09999999999999998
dense_hash_k5,q035,0.9,0.1,0.0
dense_hash_k5,q036,0.9,0.1,0.039565217391304364
dense_hash_k5,q037,0.9,0.1,0.09999999999999998
dense_hash_k5,q038,0.9,0.1,0.020000000000000018
dense_hash_k5,q039,0.9,0.1,0.07999999999999996
dense_hash_k5,q040,0.9,0.1,0.0
dense_hash_k5,q041,0.9,0.1,0.07999999999999996
dense_hash_k5,q042,0.9,0.1,0.09999999999999998
dense_hash_k5,q043,0.9,0.1,0.040000000000000036
dense_hash_k5,q044,0.9,0.1,0.022500000000000075
dense_hash_k5,q045,0.9,0.1,0.020000000000000018
dense_hash_k5,q046,0.9,0.1,0.020000000000000018
dense_hash_k5,q047,0.9,0.1,0.0
dense_hash_k5,q048,0.9,0.1,0.04456521739130426
dense_hash_k5,q049,0.9,0.1,0.040000000000000036
dense_hash_k5,q050,0.9,0.1,0.04142857142857137
dense_hash_k5,q051,0.9,0.1,0.12
dense_hash_k5,q052,0.9,0.1,0.02195121951219514
dense_hash_k5,q053,0.9,0.1,0.020454545454545392
dense_hash_k5,q054,0.9,0.1,0.0
dense_hash_k5,q055,0.9,0.1,0.020000000000000018
dense_hash_k5,q056,0.9,0.1,0.09999999999999998
dense_hash_k5_rerank,q001,0.9,0.1,0.03875000000000006
dense_hash_k5_rerank,q002,0.9,0.1,0.016666666666666607
dense_hash_k5_rerank,q003,0.9,0.1,0.040000000000000036
dense_hash_k5_rerank,q004,0.9,0.1,0.024324324324324298
dense_hash_k5_rerank,q005,0.9,0.1,0.0
dense_hash_k5_rerank,q006,0.9,0.1,0.0
dense_hash_k5_rerank,q007,0.9,0.1,0.0
dense_hash_k5_rerank,q008,0.9,0.1,0.10378787878787865
dense_hash_k5_rerank,q009,0.9,0.1,0.05701754385964908
dense_hash_k5_rerank,q010,0.9,0.1,0.0
dense_hash_k5_rerank,q011,0.9,0.1,0.0
dense_hash_k5_rerank,q012,0.9,0.1,0.024324324324324298
dense_hash_k5_rerank,q013,0.9,0.1,0.045454545454545414
dense_hash_k5_rerank,q014,0.9,0.1,0.0
dense_hash_k5_rerank,q015,0.9,0.1,0.04499999999999993
dense_hash_k5_rerank,q016,0.9,0.1,0.02195121951219514
dense_hash_k5_rerank,q017,0.9,0.1,0.022500000000000075
dense_hash_k5_rerank,q018,0.9,0.1,0.0
dense_hash_k5_rerank,q019,0.9,0.1,0.020000000000000018
dense_hash_k5_rerank,q020,0.9,0.1,0.0
dense_hash_k5_rerank,q021,0.9,0.1,0.0
dense_hash_k5_rerank,q022,0.9,0.1,0.019565217391304346
dense_hash_k5_rerank,q023,0.9,0.1,0.021428571428571463
dense_hash_k5_rerank,q024,0.9,0.1,0.0
dense_hash_k5_rerank,q025,0.9,0.1,0.020930232558139528
dense_hash_k5_rerank,q026,0.9,0.1,0.023076923076923106
dense_hash_k5_rerank,q027,0.9,0.1,0.021428571428571463
dense_hash_k5_rerank,q028,0.9,0.1,0.07999999999999996
dense_hash_k5_rerank,q029,0.9,0.1,0.0
dense_hash_k5_rerank,q030,0.9,0.1,0.05999999999999994
dense_hash_k5_rerank,q031,0.9,0.1,0.025000000000000022
dense_hash_k5_rerank,q032,0.9,0.1,0.04249999999999998
dense_hash_k5_rerank,q033,0.9,0.1,0.0
dense_hash_k5_rerank,q034,0.9,0.1,0.0
dense_hash_k5_rerank,q035,0.9,0.1,0.023684210526315752
dense_hash_k5_rerank,q036,0.9,0.1,0.04249999999999998
dense_hash_k5_rerank,q037,0.9,0.1,0.020000000000000018
dense_hash_k5_rerank,q038,0.9,0.1,0.04142857142857137
dense_hash_k5_rerank,q039,0.9,0.1,0.06195121951219518
dense_hash_k5_rerank,q040,0.9,0.1,0.0
dense_hash_k5_rerank,q041,0.9,0.1,0.0
dense_hash_k5_rerank,q042,0.9,0.1,0.07999999999999996
dense_hash_k5_rerank,q043,0.9,0.1,0.020000000000000018
dense_hash_k5_rerank,q044,0.9,0.1,0.023684210526315752
dense_hash_k5_rerank,q045,0.9,0.1,0.04142857142857137
dense_hash_k5_rerank,q046,0.9,0.1,0.023076923076923106
dense_hash_k5_rerank,q047,0.9,0.1,0.0
dense_hash_k5_rerank,q048,0.9,0.1,0.04456521739130426
dense_hash_k5_rerank,q049,0.9,0.1,0.04142857142857137
dense_hash_k5_rerank,q050,0.9,0.1,0.020000000000000018
dense_hash_k5_rerank,q051,0.9,0.1,0.020000000000000018
dense_hash_k5_rerank,q052,0.9,0.1,0.02195121951219514
dense_hash_k5_rerank,q053,0.9,0.1,0.020454545454545392
dense_hash_k5_rerank,q054,0.9,0.1,0.0
dense_hash_k5_rerank,q055,0.9,0.1,0.020000000000000018
dense_hash_k5_rerank,q056,0.9,0.1,0.09999999999999998
hybrid_dense_hash_k5_rerank,q001,0.9,0.1,0.0
hybrid_dense_hash_k5_rerank,q002,0.9,0.1,0.016666666666666607
hybrid_dense_hash_k5_rerank,q003,0.9,0.1,0.020000000000000018
hybrid_dense_hash_k5_rerank,q004,0.9,0.1,0.018750000000000044
hybrid_dense_hash_k5_rerank,q005,0.9,0.1,0.0
hybrid_dense_hash_k5_rerank,q006,0.9,0.1,0.0
hybrid_dense_hash_k5_rerank,q007,0.9,0.1,0.0
hybrid_dense_hash_k5_rerank,q008,0.9,0.1,0.0971794871794871
hybrid_dense_hash_k5_rerank,q009,0.9,0.1,0.0
hybrid_dense_hash_k5_rerank,q010,0.9,0.1,0.0
hybrid_dense_hash_k5_rerank,q011,0.9,0.1,0.0
hybrid_dense_hash_k5_rerank,q012,0.9,0.1,0.0
hybrid_dense_hash_k5_rerank,q013,0.9,0.1,0.02499999999999991
hybrid_dense_hash_k5_rerank,q014,0.9,0.1,0.0
hybrid_dense_hash_k5_rerank,q015,0.9,0.1,0.020000000000000018
hybrid_dense_hash_k5_rerank,q016,0.9,0.1,0.0
hybrid_dense_hash_k5_rerank,q017,0.9,0.1,0.0
hybrid_dense_hash_k5_rerank,q018,0.9,0.1,0.0
hybrid_dense_hash_k5_rerank,q019,0.9,0.1,0.020000000000000018
hybrid_dense_hash_k5_rerank,q020,0.9,0.1,0.0
hybrid_dense_hash_k5_rerank,q021,0.9,0.1,0.0
hybrid_dense_hash_k5_rerank,q022,0.9,0.1,0.0
hybrid_dense_hash_k5_rerank,q023,0.9,0.1,0.0
hybrid_dense_hash_k5_rerank,q024,0.9,0.1,0.0
hybrid_dense_hash_k5_rerank,q025,0.9,0.1,0.0
hybrid_dense_hash_k5_rerank,q026,0.9,0.1,0.016981132075471694
hybrid_dense_hash_k5_rerank,q027,0.9,0.1,0.016071428571428625
hybrid_dense_hash_k5_rerank,q028,0.9,0.1,0.0
hybrid_dense_hash_k5_rerank,q029,0.9,0.1,0.0
hybrid_dense_hash_k5_rerank,q030,0.9,0.1,0.05999999999999994
hybrid_dense_hash_k5_rerank,q031,0.9,0.1,0.0
hybrid_dense_hash_k5_rerank,q032,0.9,0.1,0.020000000000000018
hybrid_dense_hash_k5_rerank,q033,0.9,0.1,0.0
hybrid_dense_hash_k5_rerank,q034,0.9,0.1,0.0
hybrid_dense_hash_k5_rerank,q035,0.9,0.1,0.0
hybrid_dense_hash_k5_rerank,q036,0.9,0.1,0.0
hybrid_dense_hash_k5_rerank,q037,0.9,0.1,0.020000000000000018
hybrid_dense_hash_k5_rerank,q038,0.9,0.1,0.020000000000000018
hybrid_dense_hash_k5_rerank,q039,0.9,0.1,0.040000000000000036
hybrid_dense_hash_k5_rerank,q040,0.9,0.1,0.020000000000000018
hybrid_dense_hash_k5_rerank,q041,0.9,0.1,0.0
hybrid_dense_hash_k5_rerank,q042,0.9,0.1,0.040000000000000036
hybrid_dense_hash_k5_rerank,q043,0.9,0.1,0.020000000000000018
hybrid_dense_hash_k5_rerank,q044,0.9,0.1,0.0
hybrid_dense_hash_k5_rerank,q045,0.9,0.1,0.020000000000000018
hybrid_dense_hash_k5_rerank,q046,0.9,0.1,0.017307692307692357
hybrid_dense_hash_k5_rerank,q047,0.9,0.1,0.0
hybrid_dense_hash_k5_rerank,q048,0.9,0.1,0.03928571428571437
hybrid_dense_hash_k5_rerank,q049,0.9,0.1,0.020000000000000018
hybrid_dense_hash_k5_rerank,q050,0.9,0.1,0.020000000000000018
hybrid_dense_hash_k5_rerank,q051,0.9,0.1,0.0
hybrid_dense_hash_k5_rerank,q052,0.9,0.1,0.0
hybrid_dense_hash_k5_rerank,q053,0.9,0.1,0.0
hybrid_dense_hash_k5_rerank,q054,0.9,0.1,0.0
hybrid_dense_hash_k5_rerank,q055,0.9,0.1,0.020000000000000018
hybrid_dense_hash_k5_rerank,q056,0.9,0.1,0.040000000000000036
