variant,pareto_optimal,recall_at_k,faithfulness,hallucination_risk,total_latency_ms,total_cost,reason
lexical_k3,True,0.8244047619047619,0.9884941221202387,0.04060382062184485,358.1,2.0205714285714286e-05,lowest_latency|lowest_cost
lexical_k5,True,0.8690476190476191,0.9884941221202387,0.04060382062184485,367.1,2.3024285714285715e-05,non_dominated_tradeoff
lexical_k5_rerank,True,0.8839285714285714,0.9866426800201966,0.04555725798687224,457.1,4.314142857142857e-05,non_dominated_tradeoff
hybrid_k5_rerank,True,0.8839285714285714,0.9980527279559701,0.03939072682861947,587.1,7.837571428571428e-05,non_dominated_tradeoff
hybrid_k8_rerank,True,0.9166666666666666,0.9980527279559701,0.03939072682861947,654.6,9.699071428571428e-05,highest_recall
hybrid_k10_large,True,0.9166666666666666,1.0,0.03812500000000001,909.6,0.00019654071428571427,highest_faithfulness
dense_k5,False,0.7886904761904762,0.9881858160545797,0.09788755289785657,379.1,2.406142857142857e-05,dominated_by=lexical_k3|lexical_k5
dense_k5_rerank,False,0.8065476190476191,0.9873705169491018,0.05841749731641717,469.1,4.4392857142857144e-05,dominated_by=lexical_k3|lexical_k5
hybrid_dense_k5_rerank,True,0.8541666666666666,0.9980705928355861,0.03687911465686906,603.1,7.971071428571428e-05,lowest_hallucination_risk
